X,Y,OBJECTID,HA_ID,Health_Authority,Community_Collection_Center_Nam,Address,Specific_Location,City_Town,Monday_Hours,Tuesday_Hours,Wednesday_Hours,Thursday_hours,Friday_Hours,Saturday_Hours,Sunday_Hours,Days,Special_Criteria___Consideratio,Phone,Website,GlobalID,Status,Public_Access,Referral_Required,EditDate,Object,AcceptChildren,Accepts_Children,Drive_Through_Testing
-122.842411176,49.1778519760001,1,2 FHA,Fraser,Surrey Whalley UPCC,"Unit G2-9639 137A Street, Surrey",,Surrey,10:00 - 21:00,10:00 - 21:00,10:00 - 21:00,10:00 - 21:00,10:00 - 21:00,10:00 - 21:00,10:00 - 21:00,7 Days,"Testing on first come first serve, walk-in basis. Appts booked only for priority testing. When arriving to the site, a receipt is given showing a timeframe to return to the clinic for testing; to avoid gathering outside. Wait times may exceed 1 hour.",,,{067C23AB-FB39-4847-A045-C8B520720B3C},Close,Yes,No,2020/10/13 19:44:33+00,1,Yes,,
-122.629659033,49.2159318240001,2,2 FHA,Fraser,Ridge Meadows COVID-19 Testing Centre,"153-11762 Laity Street, Maple Ridge","No COVID-19 immunizations given at this centre. Located in the CareLife Building, Ridge Meadows Hospital campus.",Maple Ridge,09:00 - 16:00,09:00 - 16:00,09:00 - 16:00,09:00 - 16:00,09:00 - 16:00,,,"Mon - Fri; closed statutory holidays",Appointment required. Book online at https://fraserhealth.secureform.ca/index.php,"Central Intake Line: 604-587-3936, open 8:30 - 16:30, 7 days a week to help with booking an appointment",https://fraserhealth.secureform.ca/index.php,{40434181-D1F8-4BC4-BF68-F88BBA602C70},Open,Yes,Yes,2021/12/29 21:49:34+00,1,Accepts children aged 3 months and over. ,Yes,Yes
-121.965574333,49.1674925670001,3,2 FHA,Fraser,Chilliwack COVID-19 Testing and Immunization Centre,"9090 Newman Road, Chilliwack",Located on the Chilliwack General Hospital campus,Chilliwack,08:30 - 16:00,08:30 - 16:00,08:30 - 16:00,08:30 - 16:00,08:30 - 16:00,08:30 - 16:00,08:30 - 16:00,"7 days; open statutory holidays",Appointment required. Book online at https://fraserhealth.secureform.ca/index.php,"Central Intake Line: 604-587-3936, open 8:30 - 16:30, 7 days a week to help with booking an appointment",https://fraserhealth.secureform.ca/index.php,{EC39F27B-CD89-44FB-9C81-D24F7AD964FB},Open,Yes,Yes,2022/01/04 15:54:43+00,1,Accepts children aged 3 months and over. ,Yes,No
-122.612393437,49.095428176,4,2 FHA,Fraser,Langley Memorial Hospital,"22051 Fraser Hwy, Langley, BC V3A 4H4",Enter via Emergency Dept,Langley,08:00 - 18:00,08:00 - 18:00,08:00 - 18:00,08:00 - 18:00,08:00 - 18:00,08:00 - 18:00,08:00 - 18:00,7 Days,"Call to book an appointment, press 2 and leave your name and number; your call will be returned in a timely manner within business hours. Due to current volumes there may be a one day wait.  The centre has limited walk-in capacity throughout the day",604-539-4392,,{ABBAB8B5-7CC2-4EB4-836E-8F9899A1A85E},Close,Yes,No,2020/11/27 22:39:07+00,1,Accepts children aged 3 months and over. ,,
-122.998356908,49.251298879,5,2 FHA,Fraser,Burnaby COVID-19 Testing and Immunization Centre,"3700 Willingdon Avenue, Burnaby","Located at BCIT, Parking Lot B",Burnaby,09:30 - 18:30,09:30 - 18:30,09:30 - 18:30,09:30 - 18:30,09:30 - 18:30,09:30 - 18:30,09:30 - 18:30,"7 days; open statutory holidays",Appointment required. Book online at https://fraserhealth.secureform.ca/index.php,"Central Intake Line: 604-587-3936, open 8:30 - 16:30, 7 days a week to help with booking an appointment",https://fraserhealth.secureform.ca/booking.php,{03C1DA73-6752-4612-83A2-5D318DFB9F79},Open,Yes,Yes,2021/12/14 18:43:41+00,1,Accepts children aged 3 months and over. ,Yes,Yes
-122.89322586,49.2258426810001,6,2 FHA,Fraser,Fraser Northwest(Royal Columbian Medical Clinic),"107-301 East Columbia St, New Westminster, BC V3L 3L2",Clinic is across them RCH,New Westminster,09:00 - 20:00,09:00 - 20:00,09:00 - 20:00,09:00 - 20:00,09:00 - 20:00,09:00 - 17:00,09:00 - 17:00,7 Days,The centre is open to all members of the public. Appointments are required either through the website or by calling 236-996-9000. There is NO walk-in seating area or waiting area inside the clinic and you may not necessarily be seen on the same day.,236-996-9000,https://www.divisionsbc.ca/fraser-northwest/influenza-symptom-testing-center,{1617186B-E10F-4935-86E9-9EA9271EAA10},Close,Yes,No,2020/06/15 16:20:29+00,1,Yes,,
-122.325439295,49.0655744480001,7,2 FHA,Fraser,Abbotsford COVID-19 Testing Centre,"Bldg 1 - 32470 Haida Drive, Abbotsford",Enter through Gate 2,Abbotsford,08:30 - 15:30,08:30 - 15:30,08:30 - 15:30,08:30 - 15:30,08:30 - 15:30,08:30 - 15:30,08:30 - 15:30,"7 days; open statutory holidays",Appointment required. Book online at https://fraserhealth.secureform.ca/index.php,"Central Intake Line: 604-587-3936, open 8:30 - 16:30, 7 days a week to help with booking an appointment",https://fraserhealth.secureform.ca/index.php,{5F1DF389-DA03-48C4-B01C-DD22F059DD53},Open,Yes,Yes,2021/12/29 18:04:04+00,1,Accepts children aged 3 months and over. ,Yes,Yes
-122.331520915,49.1359471480001,8,2 FHA,Fraser,Mission COVID-19 Testing and Immunization Centre,"7324 Hurd Street, Mission",,Mission,09:30 - 16:00,09:30 - 16:00,09:30 - 16:00,09:30 - 16:00,09:30 - 16:00,09:30 - 16:00,09:30 - 16:00,"7 days; closed  statutory holidays",Appointment required. Book online at https://fraserhealth.secureform.ca/index.php,"Central Intake Line: 604-587-3936, open 8:30 - 16:30, 7 days a week to help with booking an appointment",https://fraserhealth.secureform.ca/index.php,{F4DE268F-FC36-4F79-96B5-FB55D864534D},Open,Yes,Yes,2022/01/04 15:59:56+00,1,Accepts children aged 3 months and over. ,Yes,No
-122.792292164,49.030205261,9,2 FHA,Fraser,Peace Arch Hospital,"15521 Russell Avenue, White Rock",Collection centre entrance is on the side of the hospital in the cafeteria.  Do not enter through the hospital main entrance.  ,White Rock,09:00 - 16:00,09:00 - 16:00,09:00 - 16:00,09:00 - 16:00,09:00 - 16:00,09:00 - 16:00,09:00 - 16:00,7 Days,Appointment required. Book online at https://fraserhealth.secureform.ca/index.php,"Central Intake Line: 604-587-3936, open 8:30 - 16:30, 7 days a week to help with booking an appointment",https://fraserhealth.secureform.ca/index.php,{3008C199-E8C9-48B9-96CC-DFD12C934501},Close,Yes,Yes,2021/12/29 21:48:58+00,1,Accepts children aged 3 months and over. ,,
-119.249946805,50.2510440360001,10,1 IHA,Interior,Vernon Health Centre,"1440 14th Avenue, Vernon",,Vernon,By appointment,By appointment,By appointment,By appointment,By appointment,By appointment,By appointment,"Hours and days of operation are subject to change, see online booking tool for current availability.","The public, health care workers and staff can book online at https://interiorhealthcovid.secureform.ca/index.php or call: 1-877-740-7747","1-877-740-7747, open 07:00 - 19:00, 7 days a week to help with booking an appointment",https://interiorhealthcovid.secureform.ca/index.php,{AE72805A-16CC-4987-B3AD-20B51AB28CE5},Open,Yes,Yes,2021/08/26 19:51:46+00,1,Yes,Yes,No
-119.475479625,49.883093886,11,1 IHA,Interior,Kelowna Community Collection Centre,"2180 Ethel Street, Kelowna","Entrance on Glenwood Avenue; please follow signage. No drive-through testing capability.",Kelowna,By appointment,By appointment,By appointment,By appointment,By appointment,By appointment,By appointment,"Hours and days of operation are subject to change, see online booking tool for current availability.","The public, health care workers and staff can book online at https://interiorhealthcovid.secureform.ca/index.php or call: 1-877-740-7747","1-877-740-7747, open 07:00 - 19:00, 7 days a week to help with booking an appointment",https://interiorhealthcovid.secureform.ca/index.php,{085DD993-6E74-4C6A-BC48-B4F3300D998B},Open,Yes,Yes,2021/08/26 19:51:52+00,1,Yes,Yes,No
-120.334616221,50.67017113,12,1 IHA,Interior,Kamloops Urgent and Primary Care Centre,"102-311 Columbia St, Kamloops",Appointments offered in the clinic.,Kamloops,16:30 - 20:30,16:30 - 20:30,16:30 - 20:30,16:30 - 20:30,16:30 - 20:30,16:30 - 20:30,16:30 - 20:30,7 Days,"To book an appointment, call the Kamloops Public Health COVID Line at 250-851-7467, Sunday to Friday until 4 pm. After 4 pm on Friday and all day Saturday, call the Urgent and Primary Care Center at 250-314-2256.",250-314-2256,,{30A91291-C49D-4930-8CD9-91108657548F},Close,Yes,Yes,2020/09/22 21:16:56+00,1,Yes,,
-119.588069756,49.455959701,13,1 IHA,Interior,Penticton Test Collection Centre,"140-3547 Skaha Lake Road, Penticton",,Penticton,By appointment,By appointment,By appointment,By appointment,By appointment,By appointment,By appointment,"Hours and days of operation are subject to change, see online booking tool for current availability.","The public, health care workers and staff can book online at https://interiorhealthcovid.secureform.ca/index.php or call: 1-877-740-7747","1-877-740-7747, open 07:00 - 19:00, 7 days a week to help with booking an appointment",https://interiorhealthcovid.secureform.ca/index.php,{2B7B0D5F-5011-411C-B685-FCE2348DD569},Open,Yes,Yes,2021/08/26 19:51:59+00,1,Yes,Yes,No
-121.292104946,51.6384958040001,14,1 IHA,Interior,South Cariboo Health Centre,"555D Cedar Ave, 100 Mile House",,100 Mile House,By appointment,By appointment,By appointment,By appointment,By appointment,By appointment,By appointment,"Hours and days of operation are subject to change, see online booking tool for current availability.","The public, health care workers and staff can book online at https://interiorhealthcovid.secureform.ca/index.php or call: 1-877-740-7747","1-877-740-7747, open 07:00 - 19:00, 7 days a week to help with booking an appointment",https://interiorhealthcovid.secureform.ca/index.php,{688EAA4C-5353-4C0A-AE89-7299AA245F1D},Open,No,Yes,2021/08/26 19:52:01+00,1,Yes,Yes,No
-119.268729754,50.7058050570001,15,1 IHA,Interior,Salmon Arm Public Health Centre,"851 16th Street N, Salmon Arm",,Salmon Arm,By appointment,By appointment,By appointment,By appointment,By appointment,By appointment,By appointment,"Hours and days of operation are subject to change, see online booking tool for current availability.","The public, health care workers and staff can book online at https://interiorhealthcovid.secureform.ca/index.php or call: 1-877-740-7747","1-877-740-7747, open 07:00 - 19:00, 7 days a week to help with booking an appointment",https://interiorhealthcovid.secureform.ca/index.php,{050EB7F4-601D-44E7-A10F-69C8D60FA1B9},Open,Yes,Yes,2021/08/26 19:52:07+00,1,Yes,Yes,Yes
-122.143742341,52.137387222,16,1 IHA,Interior,Cariboo Memorial Hospital,"517 6th Avenue N, Williams Lake",,Williams Lake,By appointment,By appointment,By appointment,By appointment,By appointment,By appointment,By appointment,"Hours and days of operation are subject to change, see online booking tool for current availability.","The public, health care workers and staff can book online at https://interiorhealthcovid.secureform.ca/index.php or call: 1-877-740-7747","1-877-740-7747, open 07:00 - 19:00, 7 days a week to help with booking an appointment",https://interiorhealthcovid.secureform.ca/index.php,{B8968C43-35D7-44C6-830C-F3A38C2F518B},Open,Yes,Yes,2021/08/26 19:52:10+00,1,Yes,Yes,No
-117.284673903,49.495031011,17,1 IHA,Interior,Kootenay Lake Hospital,"3 View Street, Nelson",Old entrance of the hospital,Nelson,By appointment,By appointment,By appointment,By appointment,By appointment,By appointment,By appointment,"Hours and days of operation are subject to change, see online booking tool for current availability.","The public, health care workers and staff can book online at https://interiorhealthcovid.secureform.ca/index.php or call: 1-877-740-7747","1-877-740-7747, open 07:00 - 19:00, 7 days a week to help with booking an appointment",https://interiorhealthcovid.secureform.ca/index.php,{0F44E919-8993-464A-BB06-AE374795DB08},Open,Yes,Yes,2021/08/26 19:52:12+00,1,Yes,Yes,No
-117.679164861,49.0982176200001,18,1 IHA,Interior,Trail Test Collection Centre,"2985 Highway Drive, Trail",Located at the ICBC Claim Centre,Trail,By appointment,By appointment,By appointment,By appointment,By appointment,By appointment,By appointment,"Hours and days of operation are subject to change, see online booking tool for current availability.","The public, health care workers and staff can book online at https://interiorhealthcovid.secureform.ca/index.php or call: 1-877-740-7747","1-877-740-7747, open 07:00 - 19:00, 7 days a week to help with booking an appointment",https://interiorhealthcovid.secureform.ca/index.php,{94FF4953-9940-4A13-AFF1-00D547E53EB8},Open,Yes,Yes,2021/08/26 19:52:14+00,1,Yes,Yes,Yes
-115.750482124,49.511008573,19,1 IHA,Interior,Cranbrook Health Unit Centre (Rocky Mountain Lodge),"20 23rd Avenue S, Cranbrook",,Cranbrook,By appointment,By appointment,By appointment,By appointment,By appointment,By appointment,By appointment,"Hours and days of operation are subject to change, see online booking tool for current availability.","The public, health care workers and staff can book online at https://interiorhealthcovid.secureform.ca/index.php or call: 1-877-740-7747","1-877-740-7747, open 07:00 - 19:00, 7 days a week to help with booking an appointment",https://interiorhealthcovid.secureform.ca/index.php,{CB670AC1-F639-4CAA-B6EF-E4040CC00E17},Open,Yes,Yes,2021/08/26 19:52:17+00,1,Yes,Yes,No
-122.696606939,58.8078185780001,20,5 NHA,Northern,Fort Nelson Health Unit,"5217 Airport Dr, Fort Nelson",,Fort Nelson,By appointment,By appointment,By appointment,By appointment,By appointment,No appointments available,No appointments available,Mon - Fri,Appointment required. Individuals with symptoms of COVID-19 may book online at https://northernhealthcovid.secureform.ca/index.php or call the Northern Health Virtual Clinic at 1-844-645-7811.,"1-844-645-7811 Call: 10:00 - 22:00, 7 days a week including statutory holidays. Fax reqs to: 250-774-7096",https://northernhealthcovid.secureform.ca/index.php,{747FE73B-C415-4228-9B54-25787BFF34AB},Open,Yes,Yes,2021/10/05 19:30:43+00,1,Yes,Yes,No
-120.850384819,56.2548284920001,21,5 NHA,Northern,Fort St. John Health Unit,"10115 110 Ave, Fort St. John",,Fort St. John,By appointment,By appointment,By appointment,By appointment,By appointment,No appointments available,No appointments available,Mon - Fri,Appointment required. Individuals with symptoms of COVID-19 may book online at https://northernhealthcovid.secureform.ca/index.php or call the Northern Health Virtual Clinic at 1-844-645-7811.,"1-844-645-7811 Call: 10:00 - 22:00, 7 days a week including statutory holidays. Fax reqs to: 250-263-6086",https://northernhealthcovid.secureform.ca/index.php,{C6606229-7E0E-439F-A1A9-047CFEE63722},Open,Yes,Yes,2021/10/05 19:30:55+00,1,Yes,Yes,No
-121.915733089,56.02637337,22,5 NHA,Northern,Hudson's Hope Health Centre,"10309 Kyllo St, Hudson's Hope",,Hudson's Hope,See Fort St John,See Fort St John,See Fort St John,See Fort St John,See Fort St John,See Fort St John,See Fort St John,7 Days a week,Appointment required. Individuals with symptoms of COVID-19 may book online at https://northernhealthcovid.secureform.ca/index.php or call the Northern Health Virtual Clinic at 1-844-645-7811.,"1-844-645-7811 Call: 10:00 - 22:00, 7 days a week including statutory holidays. Fax reqs to: 250-263-6086 ",https://northernhealthcovid.secureform.ca/index.php,{7B893B37-D9EA-41C7-ABF6-6A5039740B00},Open,Yes,Yes,2021/10/05 19:31:06+00,1,Yes,Yes,No
-120.234850846,55.7505179870001,23,5 NHA,Northern,Dawson Creek Health Unit,"Room157-1001 110th Ave, Dawson Creek",,Dawson Creek,By appointment,By appointment,By appointment,By appointment,By appointment,No appointments available,No appointments available,Mon - Fri,Appointment required. Individuals with symptoms of COVID-19 may book online at https://northernhealthcovid.secureform.ca/index.php or call the Northern Health Virtual Clinic at 1-844-645-7811.,"1-844-645-7811 Call: 10:00 - 22:00, 7 days a week including statutory holidays. Fax reqs to: 250-719-6513",https://northernhealthcovid.secureform.ca/index.php,{C289B8E4-C620-412D-BAC4-5A2A554ED0CA},Open,Yes,Yes,2021/11/04 21:55:37+00,1,Yes,Yes,No
-121.000094973,55.1245377400001,24,5 NHA,Northern,"Tumbler Ridge Community Health Unit
","220 Front Street, Tumbler Ridge",,Tumbler Ridge,By appointment,By appointment,By appointment,By appointment,By appointment,No appointments available,No appointments available,Mon - Fri,Appointment required. Individuals with symptoms of COVID-19 may book online at https://northernhealthcovid.secureform.ca/index.php or call the Northern Health Virtual Clinic at 1-844-645-7811.,"1-844-645-7811 Call: 10:00 - 22:00, 7 days a week including statutory holidays. Fax reqs to: 250-242-3889",https://northernhealthcovid.secureform.ca/index.php,{29AE8E79-B8AA-4026-8B58-D3173EBA4875},Open,Yes,Yes,2021/10/05 19:31:25+00,1,Yes,Yes,No
-121.630583485,55.6956421040001,25,5 NHA,Northern,Chetwynd Primary Care Clinic,"5125 50th Street SW, Chetwynd",Side entrance staff door,Chetwynd,By appointment,By appointment,By appointment,By appointment,By appointment,No appointments available,No appointments available,Mon - Fri,Appointment required. Individuals with symptoms of COVID-19 may book online at https://northernhealthcovid.secureform.ca/index.php or call the Northern Health Virtual Clinic at 1-844-645-7811.,"1-844-645-7811 Call: 10:00 - 22:00, 7 days a week including statutory holidays. Fax reqs to: 250-788-9877",https://northernhealthcovid.secureform.ca/index.php,{5380C2C7-1659-4B44-94FB-39202D14A9F7},Open,Yes,Yes,2021/10/05 19:31:34+00,1,Yes,Yes,No
-125.759191699,54.2356993000001,26,5 NHA,Northern,Lakes District Health Centre ,"744 Center Street, Burns Lake ",Parking lot in front of Emergency Department,Burns Lake,By appointment,By appointment,By appointment,By appointment,By appointment,No appointments available,No appointments available,Mon - Fri,Appointment required. Individuals with symptoms of COVID-19 may book online at https://northernhealthcovid.secureform.ca/index.php or call the Northern Health Virtual Clinic at 1-844-645-7811.,"1-844-645-7811 Call: 10:00 - 22:00, 7 days a week including statutory holidays. Fax reqs to: 250-692-2451",https://northernhealthcovid.secureform.ca/index.php,{3DAC6B85-32C6-4F50-9D0B-4DAB1D1D3556},Open,Yes,Yes,2021/11/04 21:28:02+00,1,Yes,Yes,No
-124.850315254,54.053522194,27,5 NHA,Northern,Fraser Lake Community Health Centre,"130 Chowsunket Rd, Fraser Lake",,Fraser Lake,By appointment,By appointment,By appointment,By appointment,By appointment,No appointments available,No appointments available,Mon - Fri,Appointment required. Individuals with symptoms of COVID-19 may book online at https://northernhealthcovid.secureform.ca/index.php or call the Northern Health Virtual Clinic at 1-844-645-7811.,"1-844-645-7811 Call: 10:00 - 22:00, 7 days a week including statutory holidays. Fax reqs to: 250-699-6987",https://northernhealthcovid.secureform.ca/index.php,{E98BEB1B-B524-4807-A485-0455F7082DC4},Open,Yes,Yes,2021/11/04 22:07:11+00,1,Yes,Yes,Yes
-124.010948251,54.0285350940001,28,5 NHA,Northern,"St. John Hospital
","3255 Hospital Road, Vanderhoof",,Vanderhoof,By appointment,By appointment,By appointment,By appointment,By appointment,No appointments available,No appointments available,Mon - Fri,Appointment required. Individuals with symptoms of COVID-19 may book online at https://northernhealthcovid.secureform.ca/index.php or call the Northern Health Virtual Clinic at 1-844-645-7811.,"1-844-645-7811 Call: 10:00 - 22:00, 7 days a week including statutory holidays. Fax reqs to: 250-567-4082",https://northernhealthcovid.secureform.ca/index.php,{737B475A-2F25-435F-B400-45BCEF18EAA4},Open,Yes,Yes,2021/10/05 19:32:04+00,1,Yes,Yes,Yes
-124.249143657,54.442229927,29,5 NHA,Northern,Fort St. James Health Centre,"111-250 Douglas Ave, Fort St. James",,Fort St. James,By appointment,By appointment,By appointment,By appointment,By appointment,No appointments available,No appointments available,Mon - Fri,Appointment required. Individuals with symptoms of COVID-19 may book online at https://northernhealthcovid.secureform.ca/index.php or call the Northern Health Virtual Clinic at 1-844-645-7811.,"1-844-645-7811 Call: 10:00 - 22:00, 7 days a week including statutory holidays. Fax reqs to: 250-996-2216",https://northernhealthcovid.secureform.ca/index.php,{4843E4EC-8B37-4BF1-9B9A-87B4745E81A0},Open,Yes,Yes,2021/10/05 19:32:13+00,1,Yes,Yes,Yes
-122.497544321,52.980795576,30,5 NHA,Northern,Quesnel COVID-19 Test Collection Centre ,"511 Reid Street, Quesnel",Located at the Eileen Ramsay Building,Quesnel,By appointment,By appointment,By appointment,By appointment,By appointment,No appointments available,No appointments available,Mon - Fri,Appointment required. Individuals with symptoms of COVID-19 may book online at https://northernhealthcovid.secureform.ca/index.php or call the Northern Health Virtual Clinic at 1-844-645-7811.,"1-844-645-7811 Call: 10:00 - 22:00, 7 days a week including statutory holidays. Fax reqs to: 250-991-7577",https://northernhealthcovid.secureform.ca/index.php,{AFEFCC0F-C186-4096-B1EC-6F461EB562CA},Open,Yes,Yes,2021/11/04 22:28:43+00,1,Yes,Yes,No
-120.161107393,53.300964682,31,5 NHA,Northern,McBride Hospital,"1136 5th Ave, McBride",,McBride,By appointment,By appointment,By appointment,By appointment,By appointment,No appointments available,No appointments available,Mon - Fri,Appointment required. Individuals with symptoms of COVID-19 may book online at https://northernhealthcovid.secureform.ca/index.php or call the Northern Health Virtual Clinic at 1-844-645-7811.,"1-844-645-7811 Call: 10:00 - 22:00, 7 days a week including statutory holidays. Fax reqs to: 250-569-3369",https://northernhealthcovid.secureform.ca/index.php,{FB8DAF52-9B09-45C3-A581-9901D094B2D6},Open,Yes,Yes,2021/11/04 22:21:29+00,1,Yes,Yes,Yes
-119.27383989,52.831825759,32,5 NHA,Northern,Valemount Health Centre,"1445 5th Ave, Valemount",,Valemount,By appointment,By appointment,By appointment,By appointment,By appointment,No appointments available,No appointments available,Mon - Fri,Appointment required. Individuals with symptoms of COVID-19 may book online at https://northernhealthcovid.secureform.ca/index.php or call the Northern Health Virtual Clinic at 1-844-645-7811.,"1-844-645-7811 Call: 10:00 - 22:00, 7 days a week including statutory holidays. Fax reqs to: 250-566-4319",https://northernhealthcovid.secureform.ca/index.php,{259C796A-19FF-44A8-B2AB-E076ECC2BD57},Open,Yes,Yes,2021/11/04 22:35:45+00,1,Yes,Yes,Yes
-123.100618559,55.337445867,33,5 NHA,Northern,Mackenzie Community Health Services,"45 Centennial Dr, Mackenzie",,Mackenzie,By appointment,By appointment,By appointment,By appointment,By appointment,No appointments available,No appointments available,Mon - Fri,Appointment required. Individuals with symptoms of COVID-19 may book online at https://northernhealthcovid.secureform.ca/index.php or call the Northern Health Virtual Clinic at 1-844-645-7811.,"1-844-645-7811 Call: 10:00 - 22:00, 7 days a week including statutory holidays. Fax reqs to: 250-997-3253",https://northernhealthcovid.secureform.ca/index.php,{F38D20B3-6B2C-4662-AB70-044555664DDD},Open,Yes,Yes,2021/11/04 22:17:47+00,1,Yes,Yes,No
-122.759311072,53.9108410310001,34,5 NHA,Northern,Prince George COVID-19 Collection Centre,"175-1600 15th Avenue, Prince George",Near the Cineplex Theatre,Prince George,By appointment,By appointment,By appointment,By appointment,By appointment,By appointment,By appointment,7 Days,Appointment required. Individuals with symptoms of COVID-19 may book online at https://northernhealthcovid.secureform.ca/index.php or call the Northern Health Virtual Clinic at 1-844-645-7811.,"1-844-645-7811 Call: 10:00 - 22:00, 7 days a week including statutory holidays. Fax reqs to: 250-645-6951",https://northernhealthcovid.secureform.ca/index.php,{6BFB0AE6-2B82-4E25-B202-A78850C07756},Open,Yes,Yes,2021/10/05 19:33:00+00,1,Yes,Yes,No
-132.070479627,53.2548809150001,35,5 NHA,Northern,"Haida Gwaii Hospital and Health Centre
","Xaayda Gwaay Ngaaysdll Naay, 3209 Oceanview Drive, Village of Queen Charlotte",Located in emergency room 2-912 DECON/Treatment Room 3209,Queen Charlotte,By appointment,By appointment,By appointment,By appointment,By appointment,By appointment,By appointment,7 Days,Appointment required. Individuals with symptoms of COVID-19 may book online at https://northernhealthcovid.secureform.ca/index.php or call the Northern Health Virtual Clinic at 1-844-645-7811.,"1-844-645-7811 Call: 10:00 - 22:00, 7 days a week including statutory holidays. Fax reqs to: 250-559-8037",https://northernhealthcovid.secureform.ca/index.php,{02EACDEC-9B28-4AA1-BB2A-59A809C6CBCB},Open,Yes,Yes,2021/10/05 19:33:10+00,1,Yes,Yes,Yes
-132.157304784,54.020409521,36,5 NHA,Northern,Northern Haida Gwaii Hospital and Health Centre - Emergency Dept,"2520 Harrison Ave, Village of Masset",Emergency Department,Village of Masset,By appointment,By appointment,By appointment,By appointment,By appointment,By appointment,By appointment,7 Days,Appointment required. Individuals with symptoms of COVID-19 may book online at https://northernhealthcovid.secureform.ca/index.php or call the Northern Health Virtual Clinic at 1-844-645-7811.,"1-844-645-7811 Call: 10:00 - 22:00, 7 days a week including statutory holidays. Fax reqs to: 250-626-5279",https://northernhealthcovid.secureform.ca/index.php,{E4D2094D-D915-4020-91CD-123C6407B927},Open,Yes,Yes,2021/10/05 19:33:19+00,1,Yes,Yes,Yes
-130.324135476,54.313570043,37,5 NHA,Northern,Prince Rupert COVID-19 Test Collection Centre,"300 3rd Avenue West, Prince Rupert",Located at the Prince Rupert Health Unit,Prince Rupert,By appointment,By appointment,By appointment,By appointment,By appointment,No appointments available,No appointments available,Mon - Fri,Appointment required. Individuals with symptoms of COVID-19 may book online at https://northernhealthcovid.secureform.ca/index.php or call the Northern Health Virtual Clinic at 1-844-645-7811.,"1-844-645-7811 Call: 10:00 - 22:00, 7 days a week including statutory holidays. Fax reqs to: 250-622-6521",https://northernhealthcovid.secureform.ca/index.php,{1019F376-DD53-464B-A926-83B613E1FAE7},Open,Yes,Yes,2021/11/04 22:25:38+00,1,Yes,Yes,Yes
-128.647165684,54.0504838260001,38,5 NHA,Northern,Kitimat General Hospital - Emergency Department,"920 Lahakas Blvd. S, Kitimat ",Outside of the Hospital Emergency Department,Kitimat ,By appointment,By appointment,By appointment,By appointment,By appointment,No appointments available,No appointments available,Mon - Fri,Appointment required. Individuals with symptoms of COVID-19 may book online at https://northernhealthcovid.secureform.ca/index.php or call the Northern Health Virtual Clinic at 1-844-645-7811.,"1-844-645-7811 Call: 10:00 - 22:00, 7 days a week including statutory holidays. Fax reqs to: 250-632-3198",https://northernhealthcovid.secureform.ca/index.php,{BB88BC55-74F1-415E-8407-8AE299A7A3F2},Open,Yes,Yes,2021/11/04 22:15:30+00,1,Yes,Yes,Yes
-128.596175171,54.5104283360001,39,5 NHA,Northern,Mills Memorial Hospital ,"4720 Haugland Avenue, Terrace ",Follow signs for drive through,Terrace ,By appointment,By appointment,By appointment,By appointment,By appointment,By appointment,By appointment,7 Days,Appointment required. Individuals with symptoms of COVID-19 may book online at https://northernhealthcovid.secureform.ca/index.php or call the Northern Health Virtual Clinic at 1-844-645-7811.,"1-844-645-7811 Call: 10:00 - 22:00, 7 days a week including statutory holidays. Fax reqs to: 250-638-4064",https://northernhealthcovid.secureform.ca/index.php,{86738BFC-3036-4CF8-9646-23F349C66FFC},Close,Yes,Yes,2021/10/05 19:33:46+00,1,Yes,Yes,
-129.99142981,55.9384000840001,40,5 NHA,Northern,Stewart Health Centre,"904 Brightwell St, Stewart",Entrance next to helipad,Stewart,By appointment,By appointment,By appointment,By appointment,By appointment,No appointments available,No appointments available,Mon - Fri,Appointment required. Individuals with symptoms of COVID-19 may book online at https://northernhealthcovid.secureform.ca/index.php or call the Northern Health Virtual Clinic at 1-844-645-7811.,"1-844-645-7811 Call: 10:00 - 22:00, 7 days a week including statutory holidays. Fax reqs to: 250-636-2101",https://northernhealthcovid.secureform.ca/index.php,{8D0D1FB6-886C-4F2F-A549-8F3BA7350668},Open,Yes,Yes,2021/11/04 22:30:13+00,1,Yes,Yes,Yes
-133.702354265,59.574983054,41,5 NHA,Northern,Atlin Health Centre,"164 Third Street, Atlin ",Outside the ambulance entrance,Atlin,By appointment,By appointment,By appointment,By appointment,By appointment,No appointments available,No appointments available,Mon - Fri,Appointment required. Individuals with symptoms of COVID-19 may book online at https://northernhealthcovid.secureform.ca/index.php or call the Northern Health Virtual Clinic at 1-844-645-7811.,"1-844-645-7811 Call: 10:00 - 22:00, 7 days a week including statutory holidays. Fax reqs to: 250-651-7687",https://northernhealthcovid.secureform.ca/index.php,{6A27AF7A-216F-4FB7-8E99-C034596BB831},Open,Yes,Yes,2021/10/05 19:34:04+00,1,Yes,Yes,Yes
-127.651295225,55.259524314,42,5 NHA,Northern,Wrinch Memorial Hospital,"2510 Highway 62, Hazelton ",Main Entrance - Public Health Nursing Office next to Main Entrance,Hazelton,By appointment,By appointment,By appointment,By appointment,By appointment,No appointments available,No appointments available,Mon - Fri,Appointment required. Individuals with symptoms of COVID-19 may book online at https://northernhealthcovid.secureform.ca/index.php or call the Northern Health Virtual Clinic at 1-844-645-7811.,"1-844-645-7811 Call: 10:00 - 22:00, 7 days a week including statutory holidays. Fax reqs to: 250-842-4411",https://northernhealthcovid.secureform.ca/index.php,{0BC43D6A-5E2B-4BE7-9982-AC5A852D9263},Open,Yes,Yes,2021/11/04 22:09:33+00,1,Yes,Yes,Yes
-129.992103363,58.441827855,43,5 NHA,Northern,"Stikine Health Centre
","7171 Highway 37, Dease Lake",,Dease Lake,By appointment,By appointment,By appointment,By appointment,By appointment,No appointments available,No appointments available,Mon - Fri,Appointment required. Individuals with symptoms of COVID-19 may book online at https://northernhealthcovid.secureform.ca/index.php or call the Northern Health Virtual Clinic at 1-844-645-7811.,"1-844-645-7811 Call: 10:00 - 22:00, 7 days a week including statutory holidays. Fax reqs to: 250-771-3911",https://northernhealthcovid.secureform.ca/index.php,{46DCEFCF-030A-4209-B0FD-7B3AE8083ABE},Open,Yes,Yes,2021/11/04 21:57:49+00,1,Yes,Yes,Yes
-127.16292286,54.7849654330001,44,5 NHA,Northern,Bulkley Valley District Hospital,"3950 8th Avenue, Smithers",Emergency Department,Smithers,By appointment,By appointment,By appointment,By appointment,By appointment,By appointment,By appointment,7 Days,Appointment required. Individuals with symptoms of COVID-19 may book online at https://northernhealthcovid.secureform.ca/index.php or call the Northern Health Virtual Clinic at 1-844-645-7811.,"1-844-645-7811 Call: 10:00 - 22:00, 7 days a week including statutory holidays. Fax reqs to: 250-847-6449",https://northernhealthcovid.secureform.ca/index.php,{F821002D-C410-4116-8AD8-E348818C7AC0},Open,Yes,Yes,2021/10/05 19:34:32+00,1,Yes,Yes,Yes
-126.652589647,54.3962127890001,45,5 NHA,Northern,"Houston Health Centre
","3202 14th Ave, Houston","Alternate testing site for winter months: Coast Mountain College, 3221 14th Street, Houston",Houston,By appointment,By appointment,By appointment,By appointment,By appointment,No appointments available,No appointments available,Mon - Fri,Appointment required. Individuals with symptoms of COVID-19 may book online at https://northernhealthcovid.secureform.ca/index.php or call the Northern Health Virtual Clinic at 1-844-645-7811.,"1-844-645-7811 Call: 10:00 - 22:00, 7 days a week including statutory holidays. Fax reqs to: 250-845-7884",https://northernhealthcovid.secureform.ca/index.php,{D0A1A2B3-F5EF-481A-A401-1308D6EBDBAC},Open,Yes,Yes,2021/11/08 21:45:08+00,1,Yes,Yes,Yes
-123.121234158,49.241695017,46,3 VCHA,Vancouver Coastal,St. Vincent Collection Centre,"4875 Heather Street, Vancouver ",Access site off 33rd Avenue. Pull into gravel parking lot and you will see collection centre tents. It is behind the building. Do not access from Heather Street.,Vancouver,08:00 - 19:00,08:00 - 19:00,08:00 - 19:00,08:00 - 19:00,08:00 - 19:00,08:00 - 19:00,08:00 - 19:00,7 days a week,"Drive up location; see website for current wait time. Open to public, health care workers and first responders. Saline gargle test available for adults and children (ages 4+); see children note below. Note: Testing for travel purposes not provided.",,http://www.edwaittimes.ca/covidtestingwaittime.aspx,{D9D89C85-927E-459E-924A-47876A5D3CDB},Open,No,No,2022/01/04 16:13:50+00,1,"This location tests children aged 4+ only. Saline gargle test available for children aged 4+. Please watch the following video to see what is expected: http://www.bccdc.ca/health-info/diseases-conditions/covid-19/testing/children-youth. If the sample cannot be collected successfully, a nasal swab is available as a backup.",Yes,Yes
-123.125848821,49.2444891150001,47,0 PHSA,Provincial Health Services,BC Children & Women Campus,"4500 Oak Street, Vancouver",Use Entrance 17 located closest to Oak Street. There is reserved parking available for those being tested.,Vancouver,07:00 - 15:00,07:00 - 15:00,07:00 - 15:00,07:00 - 15:00,07:00 - 15:00,,,Closed statutory holidays. Note: this site does not provide testing for travel purposes.,"Open to symptomatic families with children under 12, pregnant women and health care workers. Walk-ins are accepted.",,,{5745A894-C957-4861-A267-080ACB9BBE93},Open,No,No,2022/01/04 16:04:21+00,1,Accepts children aged 0 – 12,Yes,No
-123.122431122,49.2621386380001,48,3 VCHA,Vancouver Coastal,Blusson Spinal Cord Centre,"818 West 10th Ave, Vancouver, BC V5Z 1M9",Closed,Vancouver,CLOSED,CLOSED,CLOSED,CLOSED,CLOSED,CLOSED,CLOSED,"Site Removed from map 6 JulySite Closed as of 16:00, 24 June","Note: This site is now CLOSED.  Please use this mapping tool, or contact your Primary Health Provider, to determine best way to access testing.",,,{DE3A6291-90DA-4AF0-8977-D351BA4C0050},Close,No,No,2020/09/16 23:04:52+00,1,,,
-123.106188027,49.3197268210001,49,3 VCHA,Vancouver Coastal,North Vancouver COVID-19 Collection Centre,"255 Lloyd Avenue, North Vancouver",Located at the ICBC Claim Centre,North Vancouver,08:00 - 19:00,08:00 - 19:00,08:00 - 19:00,08:00 - 19:00,08:00 - 19:00,08:00 - 19:00,08:00 - 19:00,"7 days; open statutory holidays","Open on a walk-in or drive-through basis to those with COVID-19 symptoms. See website for current wait time. Saline gargle test available for all adults & children; see children note for how to prepare. Note: Testing for travel purposes not provided",,http://www.edwaittimes.ca/covidtestingwaittime.aspx,{33D8FE6C-EC9D-4CC6-AA59-B08F5A5230CF},Open,Yes,No,2021/12/24 21:54:58+00,1,"Yes. Saline gargle test available for children. Please watch the following video to see what is expected: http://www.bccdc.ca/health-info/diseases-conditions/covid-19/testing/children-youth. If the sample cannot be collected successfully, a nasal swab is available as a backup.",Yes,Yes
-123.146464445,49.1687979020001,50,3 VCHA,Vancouver Coastal,Richmond Collection Centre (Richmond Hospital),"7000 Westminster Hwy, Richmond",Located beside the parkade at Richmond Hospital. Access from outside only.,Richmond,13:30 - 17:00,13:30 - 17:00,13:30 - 17:00,13:30 - 17:00,,,,Last day of operation on April 1. Public can go to Richmond Collection Centre - JetSet for testing.,"A walk-in location only; first-come, first-served. Open to public, healthcare workers and first responders. Saline gargle test available for adults & children (ages 4+). See children notes for how to prepare. Note: Testing for travel purposes not provided",,http://www.bccdc.ca/health-info/diseases-conditions/covid-19/testing/children-youth,{47820565-6A18-47B0-BD9D-8ADBAD4F89FD},Close,Yes,No,2021/04/06 15:30:36+00,1,"This location tests children aged 4+ only. Saline gargle test available for children aged 4+. See website noted below to watch a video to see what is expected; the test is more successful when children have seen the video beforehand. If the sample cannot be collected successfully, a nasal swab is available as a backup.",,
-123.129072146,49.2774064750001,51,3 VCHA,Vancouver Coastal,City Centre UPCC,"1290 Hornby St, Vancouver",,Vancouver,08:00 - 22:00,08:00 - 22:00,08:00 - 22:00,08:00 - 22:00,08:00 - 22:00,08:00 - 22:00,09:00 - 17:00,"7 days; open statutory holidays","Check wait time using the website link provided below. Open to public, health care workers and first responders.  Walk-ins are accepted.",,https://medimap.ca/City-Centre-Urgent-Primary-Care-Centre,{A74022D9-2192-42C7-B7FB-ADC8934A5183},Open,Yes,No,2021/05/18 19:53:37+00,1,Yes,Yes,No
-123.083558627,49.3123181030001,52,3 VCHA,Vancouver Coastal,North Vancouver UPCC,"Suite 200-221 W Esplanade, North Vancouver",,North Vancouver,19:00 - 21:00,19:00 - 21:00,19:00 - 21:00,19:00 - 21:00,19:00 - 21:00,19:00 - 21:00,,"Mon - Sat; open statutory holidays","By appointment only. Call 604-973-1600 to book an appointment. Open to public, health care workers and first responders.",604-973-1600,https://seymourhealth.ca/north-vancouver-urgent-primary-care-centre/index.html,{DC59DF4D-B297-4D7B-A2C5-1AF1CD96F887},Open,Yes,Yes,2021/12/24 18:42:18+00,1,Yes,Yes,No
-123.069942387,49.274442299,53,3 VCHA,Vancouver Coastal,REACH UPCC,"1145 Commercial Drive, Vancouver",,Vancouver,08:00 - 22:00,08:00 - 22:00,08:00 - 22:00,08:00 - 22:00,08:00 - 22:00,08:00 - 22:00,09:00 - 17:00,"7 days; open statutory holidays","Call 604-216-3138 for all COVID related inquiries – appointments only at this time (no walk-in). Open to public, health care workers and first responders.",604-216-3138,,{B740C573-EE71-4A70-BBDE-291BEDB28ED3},Open,Yes,Yes,2022/01/04 16:10:09+00,1,Yes,Yes,No
-124.961580179,49.7138897940001,54,4 VIHA,Vancouver Island,Comox Valley COVID-19 Test Collection & Assessment Site,"505 Crown Isle Boulevard, Courtenay","Located at the ICBC Claim Centre. Entrance on your right about 50 M after turning onto Crown Isle Blvd from Ryan Road, just past the Toyota car dealership; turn right into the ICBC entrance.",Courtenay,08:00 - 16:00,08:00 - 16:00,08:00 - 16:00,08:00 - 16:00,08:00 - 16:00,08:00 - 16:00,08:00 - 16:00,"Call centre hours below; open statutory holidays. See website for location hours.","By appointment only. Individuals with symptoms of COVID-19 may call the Island Health COVID-19 Call Centre 08:00 - 16:00, 7 days a week to book an appointment. See website below for more information.",1-844-901-8442,https://www.islandhealth.ca/covid19testing,{242909F5-5492-4AE9-AD56-C6EC77F68E42},Open,Yes,Yes,2021/08/30 16:54:30+00,1,Yes,Yes,Yes
-125.27284037,50.028348372,55,4 VIHA,Vancouver Island,Campbell River COVID-19 Collection & Assessment Site,"1358 Marwalk Street, Campbell River","14th Avenue and Marwalk, east of the Eagles Club",Campbell River,08:00 - 16:00,08:00 - 16:00,08:00 - 16:00,08:00 - 16:00,08:00 - 16:00,08:00 - 16:00,08:00 - 16:00,"Call centre hours below; open statutory holidays. See website for location hours.","By appointment only. Individuals with symptoms of COVID-19 may call the Island Health COVID-19 Call Centre 08:00 - 16:00, 7 days a week to book an appointment. See website below for more information.",1-844-901-8442,https://www.islandhealth.ca/covid19testing,{8EE7BAB0-2DFD-4CF9-9ED6-16A12A3BC537},Open,Yes,Yes,2021/08/30 16:58:26+00,1,Yes,Yes,Yes
-127.066977634,50.5810707200001,56,4 VIHA,Vancouver Island,Port McNeill Hospital,"2750 Kingcome Pl, Port McNeill",Tent in hospital Parking Lot,Port McNeill,08:00 - 16:00,08:00 - 16:00,08:00 - 16:00,08:00 - 16:00,08:00 - 16:00,08:00 - 16:00,08:00 - 16:00,"Call centre hours below; open statutory holidays. See website for location hours.","By appointment only. Individuals with symptoms of COVID-19 may call the Island Health COVID-19 Call Centre 08:00 - 16:00, 7 days a week to book an appointment. See website below for more information.",1-844-901-8442,https://www.islandhealth.ca/covid19testing,{292E8F97-9C01-42E5-B351-CD7FC0D54239},Open,Yes,Yes,2021/08/30 16:59:02+00,1,Yes,Yes,Yes
-127.502981071,50.720010347,57,4 VIHA,Vancouver Island,Port Hardy Hospital,"9120 Granville Street, Port Hardy",Tent in hospital Parking Lot,Port Hardy,08:00 - 16:00,08:00 - 16:00,08:00 - 16:00,08:00 - 16:00,08:00 - 16:00,08:00 - 16:00,08:00 - 16:00,"Call centre hours below; open statutory holidays. See website for location hours.","By appointment only. Individuals with symptoms of COVID-19 may call the Island Health COVID-19 Call Centre 08:00 - 16:00, 7 days a week to book an appointment. See website below for more information.",1-844-901-8442,https://www.islandhealth.ca/covid19testing,{26771D7A-CB87-4F1D-AEB9-86978F2A1F9A},Open,Yes,Yes,2021/08/30 17:01:23+00,1,Yes,Yes,Yes
-124.794634354,49.256818815,58,4 VIHA,Vancouver Island,Port Alberni COVID-19 Collection Site,"4480 Vimy Street, Port Alberni",Drive past the Glenwood Sports Centre. The testing bays are located on the right hand side across from Port Alberni Paving.,Port Alberni,08:00 - 16:00,08:00 - 16:00,08:00 - 16:00,08:00 - 16:00,08:00 - 16:00,08:00 - 16:00,08:00 - 16:00,"Call centre hours below; open statutory holidays. See website for location hours.","By appointment only. Individuals with symptoms of COVID-19 may call the Island Health COVID-19 Call Centre 08:00 - 16:00, 7 days a week to book an appointment. See website below for more information.",1-844-901-8442,https://www.islandhealth.ca/covid19testing,{D0C0A744-78E9-4825-90CF-30DB8860EEF1},Open,Yes,Yes,2021/08/30 17:01:33+00,1,Yes,Yes,Yes
-124.029030054,49.2180896130001,59,4 VIHA,Vancouver Island,Nanaimo North Town Centre,"114- 4750 Rutherford Road, Nanaimo",Access from outside the mall ONLY – next to Galaxy Theatre,Nanaimo,08:00 - 16:00,08:00 - 16:00,08:00 - 16:00,08:00 - 16:00,08:00 - 16:00,08:00 - 16:00,08:00 - 16:00,"Call centre hours below; open statutory holidays. See website for location hours.","By appointment only. Individuals with symptoms of COVID-19 may call the Island Health COVID-19 Call Centre 08:00 - 16:00, 7 days a week to book an appointment. See website below for more information.",1-844-901-8442,https://www.islandhealth.ca/covid19testing,{C1FD9E80-B05D-43E2-9ACF-61278150A223},Open,Yes,Yes,2021/11/17 22:32:46+00,1,Yes,Yes,Yes
-124.450908597,49.345875811,60,4 VIHA,Vancouver Island,Qualicum Beach Civic Centre,"747 Jones Street, Qualicum Beach",In the side parking lot,Qualicum Beach,08:00 - 16:00,08:00 - 16:00,08:00 - 16:00,08:00 - 16:00,08:00 - 16:00,08:00 - 16:00,08:00 - 16:00,"Call centre hours below; open statutory holidays. See website for location hours.","By appointment only. Individuals with symptoms of COVID-19 may call the Island Health COVID-19 Call Centre 08:00 - 16:00, 7 days a week to book an appointment. See website below for more information.",1-844-901-8442,https://www.islandhealth.ca/covid19testing,{88D85DD7-1877-4C25-8EE3-4402BC97F053},Open,Yes,Yes,2021/08/30 17:01:48+00,1,Yes,Yes,Yes
-125.908589845,49.1513790240001,61,4 VIHA,Vancouver Island,Tofino General Hospital,"261 Neill Street, Tofino",Trailer in hospital parking lot,Tofino,08:00 - 16:00,08:00 - 16:00,08:00 - 16:00,08:00 - 16:00,08:00 - 16:00,08:00 - 16:00,08:00 - 16:00,"Call centre hours below; open statutory holidays. See website for location hours.","By appointment only. Individuals with symptoms of COVID-19 may call the Island Health COVID-19 Call Centre 08:00 - 16:00, 7 days a week to book an appointment. See website below for more information.",1-844-901-8442,https://www.islandhealth.ca/covid19testing,{391E898A-BA32-4473-83C1-58C2CB902632},Open,Yes,Yes,2021/08/30 17:01:55+00,1,Yes,Yes,Yes
-123.694903017,48.7605256140001,62,4 VIHA,Vancouver Island,Cowichan Valley COVID-19 Test Collection Site,"5151 Polkey Road, Duncan","Located at the ICBC Claim Centre approximately ½ km down Polkey Road, off Allenby Road.  There is a large hedge out front of the building.",Duncan,08:00 - 16:00,08:00 - 16:00,08:00 - 16:00,08:00 - 16:00,08:00 - 16:00,08:00 - 16:00,08:00 - 16:00,"Call centre hours below; open statutory holidays. See website for location hours.","By appointment only. Individuals with symptoms of COVID-19 may call the Island Health COVID-19 Call Centre 08:00 - 16:00, 7 days a week to book an appointment. See website below for more information.",1-844-901-8442,https://www.islandhealth.ca/covid19testing,{FBBBB8CF-7AF8-4CC5-8C5D-E18924804220},Open,Yes,Yes,2021/08/30 17:02:02+00,1,Yes,Yes,Yes
-123.409449619,48.596176852,63,4 VIHA,Vancouver Island,Peninsula Health Unit,"2170 Mt Newton Cross Rd, Saanichton",Tent in hospital Parking Lot,Saanichton,08:00 - 16:00,08:00 - 16:00,08:00 - 16:00,08:00 - 16:00,08:00 - 16:00,08:00 - 16:00,08:00 - 16:00,"Call centre hours below; open statutory holidays. See website for location hours.","By appointment only. Individuals with symptoms of COVID-19 may call the Island Health COVID-19 Call Centre 08:00 - 16:00, 7 days a week to book an appointment. See website below for more information.",1-844-901-8442,https://www.islandhealth.ca/covid19testing,{90380B50-5DE9-412B-A9EB-92B4855B0F0A},Open,Yes,Yes,2021/08/30 17:02:10+00,1,Yes,Yes,Yes
-123.508443911,48.862052023,64,4 VIHA,Vancouver Island,Lady Minto Hospital,"135 Crofton Road, Salt Spring Island",,Salt Spring Island,08:00 - 16:00,08:00 - 16:00,08:00 - 16:00,08:00 - 16:00,08:00 - 16:00,08:00 - 16:00,08:00 - 16:00,"Call centre hours below; open statutory holidays. See website for location hours.","By appointment only. Individuals with symptoms of COVID-19 may call the Island Health COVID-19 Call Centre 08:00 - 16:00, 7 days a week to book an appointment. See website below for more information.",1-844-901-8442,https://www.islandhealth.ca/covid19testing,{5CEAC6DD-135E-40D1-B894-0F1A965BE716},Open,Yes,Yes,2021/08/30 17:02:21+00,1,Yes,Yes,Yes
-123.375340914,48.440742512,65,4 VIHA,Vancouver Island,Victoria COVID-19 Collection Site - ICBC,"425 Dunedin Street, Victoria","Located at the ICBC Claim Centre – access from Gorge Road E; look for the signs. For walk-in, access building through parking lot at 429 Garbally Road from Gorge Road",Victoria,08:00 - 16:00,08:00 - 16:00,08:00 - 16:00,08:00 - 16:00,08:00 - 16:00,08:00 - 16:00,08:00 - 16:00,"Call centre hours below; open statutory holidays. See website for location hours.","By appointment only. Individuals with symptoms of COVID-19 may call the Island Health COVID-19 Call Centre 08:00 - 16:00, 7 days a week to book an appointment. See website below for more information.",1-844-901-8442,https://www.islandhealth.ca/covid19testing,{D2E59C87-DE6D-412B-AC79-E2BDA59BA3AE},Open,Yes,Yes,2021/08/30 17:02:29+00,1,Yes,Yes,Yes
-123.736295672,49.47873593,67,3 VCHA,Vancouver Coastal,Sechelt Assessment Centre,Address will be provided after phoning,,Sechelt,08:30 - 15:30,08:30 - 15:30,08:30 - 15:30,08:30 - 15:30,08:30 - 15:30,,,"Mon - Fri; closed statutory holidays. Weekends, holidays and after clinic hours, testing is available at Sechelt Hospital - Emergency Department.","Health care staff, physicians and public are asked to call the Hotline at 604-740-1252 (phone or text) or by email coastrespclinic@gmail.com. Saline gargle test available for adults and children (ages 4+). See children notes for how to prepare.",604-740-1252,http://www.bccdc.ca/health-info/diseases-conditions/covid-19/testing/children-youth,{76EAB2BF-ADB1-4611-9A46-A2571F67CC01},Open,Yes,Yes,2022/01/04 16:07:17+00,1,"Yes. Saline gargle test available for children aged 4+. See website noted below to watch a video to see what is expected; the test is more successful when children have seen the video beforehand. If the sample cannot be collected successfully, a nasal swab is available as a backup.",Yes,No
-116.9675515,51.2970505000001,68,1 IHA,Interior,Golden & District Hospital,"835 9th Ave S, Golden",Outdoor testing in car ,Golden,By appointment,By appointment,By appointment,By appointment,By appointment,By appointment,By appointment,"Hours and days of operation are subject to change, see online booking tool for current availability.","The public, health care workers and staff can book online at https://interiorhealthcovid.secureform.ca/index.php or call: 1-877-740-7747","1-877-740-7747, open 07:00 - 19:00, 7 days a week to help with booking an appointment",https://interiorhealthcovid.secureform.ca/index.php,{975EE804-C527-49F4-85C7-2CAF7333B89B},Open,Yes,Yes,2021/08/26 19:52:20+00,1,Yes,Yes,No
-118.4687473,49.0296242000001,69,1 IHA,Interior,Boundary District Hospital,"7649 22nd St, Grand Forks",Outdoor testing in an outside shelter by the emergency department,Grand Forks,By appointment,By appointment,By appointment,By appointment,By appointment,By appointment,By appointment,"Hours and days of operation are subject to change, see online booking tool for current availability.","The public, health care workers and staff can book online at https://interiorhealthcovid.secureform.ca/index.php or call: 1-877-740-7747","1-877-740-7747, open 07:00 - 19:00, 7 days a week to help with booking an appointment",https://interiorhealthcovid.secureform.ca/index.php,{A8116544-4CCC-4305-AF3A-EF759D137128},Open,Yes,Yes,2021/08/26 19:52:22+00,1,Yes,Yes,Yes
-118.1904797,50.9773376000001,70,1 IHA,Interior,Revelstoke Health Centre,"1200 Newlands Rd, Revelstoke",Drive through testing next to hospital,Revelstoke,By appointment,By appointment,By appointment,By appointment,By appointment,By appointment,By appointment,"Hours and days of operation are subject to change, see online booking tool for current availability.","The public, health care workers and staff can book online at https://interiorhealthcovid.secureform.ca/index.php or call: 1-877-740-7747","1-877-740-7747, open 07:00 - 19:00, 7 days a week to help with booking an appointment",https://interiorhealthcovid.secureform.ca/index.php,{9A06D985-BD08-49D7-B871-5F1971CA157F},Open,Yes,Yes,2021/08/26 19:52:26+00,1,Yes,Yes,Yes
-114.8923638,49.7215776,71,1 IHA,Interior,Sparwood Health Centre,"570 Pine Ave, Sparwood","Testing in client vehicle, beside Health Centre garage.",Sparwood,By appointment,By appointment,By appointment,By appointment,By appointment,By appointment,By appointment,"Hours and days of operation are subject to change, see online booking tool for current availability.","The public, health care workers and staff can book online at https://interiorhealthcovid.secureform.ca/index.php or call: 1-877-740-7747","1-877-740-7747, open 07:00 - 19:00, 7 days a week to help with booking an appointment",https://interiorhealthcovid.secureform.ca/index.php,{70773C29-5936-4FB3-AF8F-E951B4314605},Open,Yes,Yes,2021/08/26 19:52:30+00,1,Yes,Yes,Yes
-123.05969,49.08486,77,2 FHA,Fraser,Delta COVID-19 Testing and Immunization Centre,"4470 Clarence Taylor Crescent, Delta",,Delta,"08:30 - 15:30; closed 11:30 - 12:30","08:30 - 15:30; closed 11:30 - 12:30","08:30 - 15:30; closed 11:30 - 12:30","08:30 - 15:30; closed 11:30 - 12:30","08:30 - 15:30; closed 11:30 - 12:30","08:30 - 15:30; closed 11:30 - 12:30","08:30 - 15:30; closed 11:30 - 12:30","7 days; open statutory holidays",Appointment required. Book online at https://fraserhealth.secureform.ca/index.php,"Central Intake Line: 604-587-3936, open 8:30 - 16:30, 7 days a week to help with booking an appointment",https://fraserhealth.secureform.ca/index.php,{E4BBEA00-550F-45DB-8FB4-F4BC0733517B},Open,Yes,Yes,2021/12/29 21:51:09+00,1,Accepts children aged 3 months and over. ,Yes,No
-126.942763461,50.5938190800001,78,4 VIHA,Vancouver Island,Cormorant Island Health Centre,"49 School Road, Alert Bay",Tent in Parking Lot,Alert Bay,08:00 - 16:00,08:00 - 16:00,08:00 - 16:00,08:00 - 16:00,08:00 - 16:00,08:00 - 16:00,08:00 - 16:00,"Call centre hours below; open statutory holidays. See website for location hours.","By appointment only. Individuals with symptoms of COVID-19 may call the Island Health COVID-19 Call Centre 08:00 - 16:00, 7 days a week to book an appointment. See website below for more information.",1-844-901-8442,https://www.islandhealth.ca/covid19testing,{EE8DB7A6-EB32-4A4A-8186-632837BD8C9A},Open,Yes,Yes,2021/08/30 17:02:38+00,1,Yes,Yes,Yes
-127.014669768,50.6240999980001,79,4 VIHA,Vancouver Island,Sointula Health Centre,"25 2nd Street, Sointula Island",Tent in Parking Lot,Sointula,08:00 - 16:00,08:00 - 16:00,08:00 - 16:00,08:00 - 16:00,08:00 - 16:00,08:00 - 16:00,08:00 - 16:00,"Call centre hours below; open statutory holidays. See website for location hours.","By appointment only. Individuals with symptoms of COVID-19 may call the Island Health COVID-19 Call Centre 08:00 - 16:00, 7 days a week to book an appointment. See website below for more information.",1-844-901-8442,https://www.islandhealth.ca/covid19testing,{B7D1E2A8-A184-41EC-8C2C-A0948B12DAED},Open,Yes,Yes,2021/08/30 17:02:47+00,1,Yes,Yes,Yes
-127.48796633,50.425597081,80,4 VIHA,Vancouver Island,Port Alice Health Centre,"1090 Marine Drive, Port Alice",Tent in Parking Lot,Port Alice,08:00 - 16:00,08:00 - 16:00,08:00 - 16:00,08:00 - 16:00,08:00 - 16:00,08:00 - 16:00,08:00 - 16:00,"Call centre hours below; open statutory holidays. See website for location hours.","By appointment only. Individuals with symptoms of COVID-19 may call the Island Health COVID-19 Call Centre 08:00 - 16:00, 7 days a week to book an appointment. See website below for more information.",1-844-901-8442,https://www.islandhealth.ca/covid19testing,{9D07A5FD-892F-422E-81D4-448BB156FCD3},Open,Yes,Yes,2021/08/30 17:02:56+00,1,Yes,Yes,Yes
-126.051259375,49.78045853,82,4 VIHA,Vancouver Island,Gold River,"601 Trumpeter Drive, Gold River",Drive Through Testing,Gold River,08:00 - 16:00,08:00 - 16:00,08:00 - 16:00,08:00 - 16:00,08:00 - 16:00,08:00 - 16:00,08:00 - 16:00,"Call centre hours below; open statutory holidays. See website for location hours.","By appointment only. Individuals with symptoms of COVID-19 may call the Island Health COVID-19 Call Centre 08:00 - 16:00, 7 days a week to book an appointment. See website below for more information.",1-844-901-8442,https://www.islandhealth.ca/covid19testing,{6306859F-7C69-49E2-88F6-051FD9294B36},Open,Yes,Yes,2021/08/30 17:03:04+00,1,Yes,Yes,Yes
-128.143326098,52.1611984690001,83,3 VCHA,Vancouver Coastal,Bella Bella - RW Large Memorial Hospital Emergency Department,"88 Waglisla Street, Bella Bella",Emergency Department,Bella Bella,24 hrs,24 hrs,24 hrs,24 hrs,24 hrs,24 hrs,24 hrs,7 Days,"Open to public, health care workers and first responders. Saline gargle test is available for adults and children (ages 4+).  See the children notes for how to prepare.",250-957-2314,http://www.bccdc.ca/health-info/diseases-conditions/covid-19/testing/children-youth,{4C93D5F6-5BB3-4ED9-8BF6-F5194813D710},Open,Yes,No,2021/08/30 17:09:03+00,1,"Yes. Saline gargle test available for children aged 4+. See website noted below to watch a video to see what is expected; the test is more successful when children have seen the video beforehand. If the sample cannot be collected successfully, a nasal swab is available as a backup.",Yes,No
-126.757975735,52.3742180680001,84,3 VCHA,Vancouver Coastal,Bella Coola General Hospital - Emergency Department,"1025 Elcho Street, Bella Coola",Emergency Department,Bella Coola,24 hrs,24 hrs,24 hrs,24 hrs,24 hrs,24 hrs,24 hrs,7 Days,"Open to public, health care workers and first responders. Saline gargle test is available for adults and children (ages 4+).  See the children notes for how to prepare.",250-799-5311,http://www.bccdc.ca/health-info/diseases-conditions/covid-19/testing/children-youth,{A9300483-6A36-4A6B-8B54-25703439324A},Open,Yes,No,2021/08/30 17:09:27+00,1,"Yes. Saline gargle test available for children aged 4+. See website noted below to watch a video to see what is expected; the test is more successful when children have seen the video beforehand. If the sample cannot be collected successfully, a nasal swab is available as a backup.",Yes,No
-124.51846704,49.8509929690001,85,3 VCHA,Vancouver Coastal,Powell River Supported Self-Collection Testing Site,"5000 Joyce Avenue, Powell River","Located at the 3rd floor parking lot of the Powell River General Hospital, accessed from Kiwanis Avenue near Willingdon Creek Village. Follow the signage from Joyce Avenue and look for the orange canister.",Powell River,09:00 - 14:00,09:00 - 14:00,09:00 - 14:00,09:00 - 14:00,09:00 - 14:00,,,Mon - Fri at the Testing Site. Testing is available at the Emergency Department outside of the hours below.,Appointment required. Fill out the form thru website below or call to request an appt. A saline gargle test kit will be available for pick up at your scheduled appt time. You can either complete the test in your vehicle on-site or inside the testing site.,"604-485-2028, available 09:00 - 14:00, Mon - Fri except stat holidays, to help with booking an appointment",https://www.prcovidinfo.com/covid-testing/,{D4C77E7E-5BA7-4145-8E1E-67E2A6492507},Open,Yes,Yes,2022/01/04 16:06:41+00,1,"17 and under. Children under 4, and others who are not able to complete the saline gargle test will be tested through the Emergency Dept. If you are bringing a school-aged child to the supported self-testing clinic, please watch this video to prepare them. https://www.youtube.com/watch?v=ZvqjkbD-moA",Yes,Yes
-123.136102876,49.7419411160001,86,3 VCHA,Vancouver Coastal,Squamish Assessment Centre,"40456 Government Road, Squamish",Held at the Old Shady Tree Pub location,Squamish,09:00 - 16:00,09:00 - 16:00,09:00 - 16:00,09:00 - 16:00,09:00 - 16:00,09:00 - 13:00,,Mon - Sat,Open on a drive-through basis. Saline gargle test available for adults and children (ages 4+). See children notes for how to prepare. ,604-359-9559,http://www.bccdc.ca/health-info/diseases-conditions/covid-19/testing/children-youth,{F11ACB03-5BDB-4698-8FA0-3D1E8C138DF9},Open,Yes,No,2022/01/04 16:09:07+00,1,"Yes. Saline gargle test available for children aged 4+. See website noted below to watch a video to see what is expected; the test is more successful when children have seen the video beforehand. If the sample cannot be collected successfully, a nasal swab is available as a backup.",Yes,Yes
-122.95413,50.1198400000001,87,3 VCHA,Vancouver Coastal,Whistler Medical Clinic Assessment Centre,"4380 Lorimer Road, Whistler",Trailer adjacent to Whistler Medical Clinic,Whistler,By appointment,By appointment,By appointment,By appointment,By appointment,By appointment,By appointment,Open daily based on appointment availability,A pre-screening appointment is needed before testing. Call your primary care provider first to make an appointment or visit the website below. Saline gargle test is available for adults & children (ages 4+).  See children notes for how to prepare.,604-966-1428,https://virtualcorridor.doxy.me/whistlervirtualwalkinclinic,{651F3A65-F823-4C3E-83B2-56BD2C9E782E},Open,Yes,Yes,2021/12/29 17:13:00+00,1,"Yes. Saline gargle test available for children aged 4+. Please watch the following video to see what is expected: http://www.bccdc.ca/health-info/diseases-conditions/covid-19/testing/children-youth. If the sample cannot be collected successfully, a nasal swab is available as a backup.",Yes,No
-122.804422517,50.321104559,88,3 VCHA,Vancouver Coastal,Pemberton Supported Self-Collection Testing Site,"1403 Pemberton Portage Road, Pemberton",PHC Emergency parking lot – do not enter building,Pemberton,09:00 - 14:45,09:00 - 14:45,09:00 - 14:45,09:00 - 14:45,09:00 - 14:45,,,Mon - Fri,Before booking an appointment complete the Self-Assessment Tool at http://www.bc.thrive.health or call 8-1-1. If testing is needed call or text 778-689-1732 to book an appointment. Saline gargle tests are available for adults and children aged 4+. ,778-689-1732,http://www.bccdc.ca/health-info/diseases-conditions/covid-19/testing/children-youth,{7DE4C4D2-F070-4CB2-8115-EA59DB846715},Open,Yes,Yes,2022/01/04 16:06:16+00,1,"Saline gargle test available for children aged 4+. See website noted below to watch a video to see what is expected; the test is more successful when children have seen the video beforehand. If the sample cannot be collected successfully, a nasal swab is available as a backup.",Yes,No
-121.93997,50.6895500000001,89,1 IHA,Interior,Lillooet Hospital and Health Centre,"951 Murray Street, Lillooet",Use parking lot entrance for Mental Health and Substance Use and Home and Community Care,Lillooet,By appointment,By appointment,By appointment,By appointment,By appointment,By appointment,By appointment,"Hours and days of operation are subject to change, see online booking tool for current availability.","The public, health care workers and staff can book online at https://interiorhealthcovid.secureform.ca/index.php or call: 1-877-740-7747","1-877-740-7747, open 07:00 - 19:00, 7 days a week to help with booking an appointment",https://interiorhealthcovid.secureform.ca/index.php,{45F2675A-0575-488B-8850-84D1549384F3},Open,Yes,Yes,2021/08/26 19:52:32+00,1,Yes,Yes,Yes
-125.134618669,48.8264310860001,90,4 VIHA,Vancouver Island,Bamfield Health Centre,"353 Bamfield Road, Bamfield",In clinic,Bamfield,08:00 - 16:00,08:00 - 16:00,08:00 - 16:00,08:00 - 16:00,08:00 - 16:00,08:00 - 16:00,08:00 - 16:00,"Call centre hours below; open statutory holidays. See website for location hours.","By appointment only. Individuals with symptoms of COVID-19 may call the Island Health COVID-19 Call Centre 08:00 - 16:00, 7 days a week to book an appointment. See website below for more information.",1-844-901-8442,https://www.islandhealth.ca/covid19testing,{E8910E48-26A0-43B5-8262-FBD8ACE8B550},Open,Yes,Yes,2021/08/30 17:03:12+00,1,Yes,Yes,Yes
-122.651011029,49.1048510050001,91,2 FHA,Fraser,Home Health Clinic,"20651 56th Avenue, ",Located at the intersection of Logan Avenue and 56th Avenue,Langley,08:00 - 18:00,08:00 - 18:00,08:00 - 18:00,08:00 - 18:00,08:00 - 18:00,08:00 - 18:00,08:00 - 18:00,7 Days,"Call to book an appointment, press 2 and leave your name & number; your call will be returned in a timely manner within business hours. Due to current volumes there may be a one day wait.  The centre has limited walk-in capacity throughout the day.",604-539-4392,,{C93EF8DE-0E85-4AB4-8781-CD2079E35E41},Close,Yes,No,2021/05/18 19:41:33+00,1,Yes,,
-123.094673804,49.28413428,92,3 VCHA,Vancouver Coastal,DTES COVID-19 Collection Centre,"429 Alexander Street, Vancouver",,Vancouver,10:00 - 17:00,10:00 - 17:00,10:00 - 17:00,10:00 - 17:00,10:00 - 17:00,,,Mon - Fri,"Offers walk-in services to those aged 12 and over. Please call ahead if you are heavily symptomatic. Closed on statutory holidays; patients should visit UPCCs instead. Note that testing for travel purposes is not provided.",778-886-4081,,{F1D09E68-94B6-4265-8082-868BF0839089},Close,Yes,No,2021/05/18 20:47:35+00,1,Accepts children aged 12 and over only,,No
-123.147653704,49.1669582660001,93,3 VCHA,Vancouver Coastal,Richmond COVID Collection Centre,"6820 Gilbert Road, Richmond BC",Parking lot of the Richmond Tennis Club. Site is wheelchair accessible.,Richmond,08:00 - 19:00,08:00 - 19:00,08:00 - 19:00,08:00 - 19:00,08:00 - 19:00,08:00 - 19:00,08:00 - 19:00,"7 days; open statutory holidays","A drive-through assessment site available to walkers, bikers, and drivers. Accepts anyone with cold, influenza or COVID-19-like symptoms, even mild ones; health care workers and first responders. Note that testing for travel purposes is not provided.",,http://www.bccdc.ca/health-info/diseases-conditions/covid-19/testing/children-youth,{8C38D255-24E4-45ED-86E1-F1DC3C673CBC},Close,Yes,No,2020/11/12 16:18:19+00,1,"This location tests children ages 4+ only. Saline gargle rinse available for school-aged children aged 4+ (K-12). See website noted below to watch a video to see what is expected; the test is more successful when children have seen the video beforehand. If the sample cannot be collected successfully, a nasal swab is available as a backup.",,
-122.773997768,49.2665595380001,94,2 FHA,Fraser,Tri-Cities COVID-19 & Influenza-Like Illness Assessment Clinic ,"2099 Lougheed Hwy, Unit A120,  Port Coquitlam",Located in the Integrated Wellness Medical Centre. Enter via parking lot entrance (not street entrance),Port Coquitlam,CLOSED,CLOSED,CLOSED,CLOSED,CLOSED,,,Mon - Fri,"An appointment is required; walk-in is NOT accepted. Centre is open to all residents. To make an appointment you must register online at: integratedwellness.clinic/COVID19",,https://integratedwellness.clinic/covid19,{2054D773-A63C-4A3E-86E9-8681A1E2A782},Close,Yes,Yes,2020/10/02 23:26:11+00,1,Yes,,
-120.329088984,50.6712886760001,95,1 IHA,Interior,Kamloops Public Health,"519 Columbia Street, Kamloops",No drive-through testing capability.,Kamloops,By appointment,By appointment,By appointment,By appointment,By appointment,By appointment,By appointment,"Hours and days of operation are subject to change, see online booking tool for current availability.","The public, health care workers and staff can book online at https://interiorhealthcovid.secureform.ca/index.php or call: 1-877-740-7747","1-877-740-7747, open 07:00 - 19:00, 7 days a week to help with booking an appointment",https://interiorhealthcovid.secureform.ca/index.php,{5139EC4F-7D9F-4079-857B-A8F38D1A9D4B},Open,Yes,Yes,2021/08/26 19:52:34+00,1,Yes,Yes,No
-120.77249732,50.121007972,96,1 IHA,Interior,Nicola Valley Hospital and Health Centre,"3451 Voght Street, Merritt",,Merritt,By appointment,By appointment,By appointment,By appointment,By appointment,By appointment,By appointment,"Hours and days of operation are subject to change, see online booking tool for current availability.","The public, health care workers and staff can book online at https://interiorhealthcovid.secureform.ca/index.php or call: 1-877-740-7747","1-877-740-7747, open 07:00 - 19:00, 7 days a week to help with booking an appointment",https://interiorhealthcovid.secureform.ca/index.php,{235C6B03-0A4A-4F3E-83DA-C615A2129917},Open,Yes,Yes,2021/12/03 17:24:35+00,1,Yes,Yes,No
-116.50828602,49.0985963950001,97,1 IHA,Interior,Creston Valley Hospital,"312 15th Avenue N, Creston",,Creston,By appointment,By appointment,By appointment,By appointment,By appointment,By appointment,By appointment,"Hours and days of operation are subject to change, see online booking tool for current availability.","The public, health care workers and staff can book online at https://interiorhealthcovid.secureform.ca/index.php or call: 1-877-740-7747","1-877-740-7747, open 07:00 - 19:00, 7 days a week to help with booking an appointment",https://interiorhealthcovid.secureform.ca/index.php,{5E7ECD78-BA61-4047-8E7A-267498185BF8},Open,Yes,Yes,2021/08/26 19:52:39+00,1,Yes,Yes,No
-119.140494908,50.5462901980001,98,1 IHA,Interior,Enderby Health Centre,"707 3rd Avenue, Enderby",,Enderby,By appointment,By appointment,By appointment,By appointment,By appointment,By appointment,By appointment,"Hours and days of operation are subject to change, see online booking tool for current availability.","The public, health care workers and staff can book online at https://interiorhealthcovid.secureform.ca/index.php or call: 1-877-740-7747","1-877-740-7747, open 07:00 - 19:00, 7 days a week to help with booking an appointment",https://interiorhealthcovid.secureform.ca/index.php,{5AE9B318-2995-4F0B-8FFD-5E1966C2DE61},Open,Yes,Yes,2021/08/26 19:52:44+00,1,Yes,Yes,Yes
-119.492690032,49.8886900210001,99,1 IHA,Interior,Kelowna - Community Health and Services Centre,"505 Doyle Avenue, Kelowna",,Kelowna,16:30 - 22:30,16:30 - 22:30,16:30 - 22:30,16:30 - 22:30,16:30 - 22:30,16:30 - 22:30,16:30 - 22:30,7 Days,"Walk into the site and be seen on a first come, first serve basis.",,https://news.interiorhealth.ca/news/testing-information/,{4DA77B72-2CE6-4564-8574-1D0848D72B02},Close,Yes,No,2020/12/21 21:13:13+00,1,No,,
-117.275909994,49.192549996,100,1 IHA,Interior,Salmo Wellness Centre,"413 Baker Avenue, Salmo BC",,Salmo,10:30 - 14:00,10:30 - 14:00,10:30 - 14:00,10:30 - 14:00,10:30 - 14:00,10:30 - 14:00,,"Mon - Sat; open statutory holidays","By appointment only. The public, health care workers and staff can book online at https://interiorhealthcovid.secureform.ca/index.php or call: 1-877-740-7747","1-877-740-7747, open 08:00 - 19:00, 7 days a week to help with booking an appointment",https://interiorhealthcovid.secureform.ca/index.php,{7E9767EC-7D36-4730-8AEF-BE7213BDEAA8},Close,Yes,Yes,2020/12/11 16:30:06+00,1,Yes,,
-123.0799121,49.263961931,101,3 VCHA,Vancouver Coastal,Vancouver Community College Collection Centre,North parking lot # 865,There is no access to the site through the Vancouver Community College. Parking lot entrance on 7th Avenue between Keith and Glen Drive,Vancouver,09:00 - 19:30,09:00 - 19:30,09:00 - 19:30,09:00 - 19:30,09:00 - 19:30,CLOSED,CLOSED,Last day for COVID-19 testing on June 18,"Walk-in or drive-through. See website for current wait time. Saline gargle test available for adults & children (ages 4+); see children notes below for how to prepare. Note: Testing for travel purpose not provided.",,http://www.edwaittimes.ca/covidtestingwaittime.aspx,{3F10B992-36A3-44DE-8D00-1709A150C035},Close,Yes,No,2021/06/21 14:57:33+00,1,"This location tests children aged 4+ only. Saline gargle test available for children aged 4+. Please watch the following video to see what is expected: http://www.bccdc.ca/health-info/diseases-conditions/covid-19/testing/children-youth. If the sample cannot be collected successfully, a nasal swab is available as a backup.",Yes,Yes
-125.1214,48.7994600000001,102,4 VIHA,Vancouver Island,"Huu-ay-aht First Nations, a Nuu-chah-nulth Community","415 Kiixen Road, Anacla",Tent outside Soaring Eagle,Huu ay aht,08:00 - 16:00,08:00 - 16:00,08:00 - 16:00,08:00 - 16:00,08:00 - 16:00,08:00 - 16:00,08:00 - 16:00,"Call centre hours below; open statutory holidays. See website for location hours.","By appointment only. Individuals with symptoms of COVID-19 may call the Island Health COVID-19 Call Centre 08:00 - 16:00, 7 days a week to book an appointment. See website below for more information.",1-844-901-8442,https://www.islandhealth.ca/covid19testing,{9C14AC55-13D4-417B-8EF1-8C0203B83D3D},Open,Yes,Yes,2021/11/17 21:48:48+00,1,Yes,Yes,No
-124.672481,48.8072100000001,103,4 VIHA,Vancouver Island,"Ditidaht First Nations,  a Nuu-chah-nulth community",479 Malachan Indian Reserve Road,Tent outside the Health Centre,Ditidaht,08:00 - 16:00,08:00 - 16:00,08:00 - 16:00,08:00 - 16:00,08:00 - 16:00,08:00 - 16:00,08:00 - 16:00,"Call centre hours below; open statutory holidays. See website for location hours.","By appointment only. Individuals with symptoms of COVID-19 may call the Island Health COVID-19 Call Centre 08:00 - 16:00, 7 days a week to book an appointment. See website below for more information.",1-844-901-8442,https://www.islandhealth.ca/covid19testing,{45614F30-5BA8-4F50-8BAF-C2CACD514FDA},Open,Yes,Yes,2021/08/30 17:03:30+00,1,Yes,Yes,No
-124.84451,49.2641610000001,104,4 VIHA,Vancouver Island,"Tseshaht First Nations, a Nuu-chah-nulth community","5001 Mission Road, Tseshaht",Tent outside Maht Mahs Gym,Tseshaht,08:00 - 16:00,08:00 - 16:00,08:00 - 16:00,08:00 - 16:00,08:00 - 16:00,08:00 - 16:00,08:00 - 16:00,"Call centre hours below; open statutory holidays. See website for location hours.","By appointment only. Individuals with symptoms of COVID-19 may call the Island Health COVID-19 Call Centre 08:00 - 16:00, 7 days a week to book an appointment. See website below for more information.",1-844-901-8442,https://www.islandhealth.ca/covid19testing,{7DC28371-97C5-4A02-8AAD-6BC1C5C856B1},Open,Yes,Yes,2021/08/30 17:03:38+00,1,Yes,Yes,No
-124.824631,49.2649500000001,105,4 VIHA,Vancouver Island,"Hupacasath First Nations, a Nuu-chah-nulth community",5500 Ahahswinis Drive,Covered area outside the House of Gathering,Hupacasath,08:00 - 16:00,08:00 - 16:00,08:00 - 16:00,08:00 - 16:00,08:00 - 16:00,08:00 - 16:00,08:00 - 16:00,"Call centre hours below; open statutory holidays. See website for location hours.","By appointment only. Individuals with symptoms of COVID-19 may call the Island Health COVID-19 Call Centre 08:00 - 16:00, 7 days a week to book an appointment. See website below for more information.",1-844-901-8442,https://www.islandhealth.ca/covid19testing,{559E5149-30EF-4D85-8CE7-3013D7A80B17},Open,Yes,Yes,2021/08/30 17:03:47+00,1,Yes,Yes,No
-123.106224734,49.3190505900001,106,3 VCHA,Vancouver Coastal,Lions Gate Hospital,"231 East 15th St, North Vancouver, BC V7L 2L7",,North Vancouver,CLOSED,CLOSED,CLOSED,CLOSED,CLOSED,CLOSED,CLOSED,Site Removed from map as of 24 June,"Note: This site is now CLOSED All residents seeking a test should access testing at the North Vancouver UPCC. Located at 221 West Esplanade, Suite 200, North Vancouver ",,,{76BA5EF8-DB10-4FDA-81AC-1B1B454C6E75},Close,Yes,No,2021/01/13 22:42:58+00,1,,,
-123.141195536,49.6979251320001,107,3 VCHA,Vancouver Coastal,Squamish General Hospital - Emergency Department,"38140 Behrner Drive, Squamish",Emergency Department,Squamish,24 hrs,24 hrs,24 hrs,24 hrs,24 hrs,24 hrs,24 hrs,7 Days,Emergent only or when outpatient testing is unavailable,604-892-5211,http://www.vch.ca/your-care/hospital-care,{C822DE9C-2E4C-4B0C-8795-6DE34CC32AEA},Open,Yes,No,2021/08/30 17:10:34+00,1,Yes,Yes,No
-122.81836996,49.1228700190001,108,2 FHA,Fraser,Surrey COVID-19 Testing and Immunization Centre,"14577 66th Avenue, Surrey",,Surrey,10:00 - 18:00,10:00 - 18:00,10:00 - 18:00,10:00 - 18:00,10:00 - 18:00,10:00 - 18:00,10:00 - 18:00,"7 days; open statutory holidays",Appointment required. Book online at https://fraserhealth.secureform.ca/index.php,"Central Intake Line: 604-587-3936, open 8:30 - 16:30, 7 days a week to help with booking an appointment",https://fraserhealth.secureform.ca/index.php,{B231D4A7-E94F-4407-804B-C3B691970FF1},Open,Yes,Yes,2021/12/29 21:56:58+00,1,Accepts children aged 3 months and over. ,Yes,Yes
-122.643869644,49.1106105260001,109,2 FHA,Fraser,Langley COVID-19 Testing and Immunization Centre,"20901 Langley Bypass, Langley","Parking Lot #L3 at Kwantlen Polytechnic University. Drop-in & drive-through access from Langley Bypass only; do not enter KPU or Best Western grounds or facilities.",Langley,08:30 - 18:00,08:30 - 18:00,08:30 - 18:00,08:30 - 18:00,08:30 - 18:00,08:30 - 18:00,08:30 - 18:00,"7 days; open statutory holidays",Appointment required. Book online at https://fraserhealth.secureform.ca/index.php,"Central Intake Line: 604-587-3936, open 8:30 - 16:30, 7 days a week to help with booking an appointment",https://fraserhealth.secureform.ca/index.php,{0C087D0D-5212-452E-8994-D26FA6F9453A},Open,Yes,Yes,2021/12/29 21:51:45+00,1,Accepts children aged 3 months and over ,Yes,Yes
-128.58568001,54.521840017,110,5 NHA,Northern,Terrace Health Unit,"3412 Kalum Street, Terrace","Side of building. Park in front parking lot, in Bay 4 or 5, until called inside",Terrace,By appointment,By appointment,By appointment,By appointment,By appointment,No appointments available,No appointments available,Mon - Fri,Appointment required. Individuals with symptoms of COVID-19 may book online at https://northernhealthcovid.secureform.ca/index.php or call the Northern Health Virtual Clinic at 1-844-645-7811.,"1-844-645-7811 Call: 10:00 - 22:00, 7 days a week including statutory holidays. Fax reqs to: 250-638-2264",https://northernhealthcovid.secureform.ca/index.php,{5BB18487-F0AE-4A8E-8541-91DCC066AEEB},Open,Yes,Yes,2021/11/04 22:32:05+00,1,Yes,Yes,Yes
-116.034024317,50.5058199100001,111,1 IHA,Interior,Invermere District Hospital,"850 10th Avenue, Invermere","Enter on 10th Street, next to BC Ambulances Services",Invermere,By appointment,By appointment,By appointment,By appointment,By appointment,By appointment,By appointment,"Hours and days of operation are subject to change, see online booking tool for current availability.","The public, health care workers and staff can book online at https://interiorhealthcovid.secureform.ca/index.php or call: 1-877-740-7747","1-877-740-7747, open 07:00 - 19:00, 7 days a week to help with booking an appointment",https://interiorhealthcovid.secureform.ca/index.php,{B0D6D12E-7F61-491C-8F42-FF5EA2B8619E},Open,Yes,Yes,2021/08/26 19:52:52+00,1,Yes,Yes,No
-117.662211209,49.3145034660001,112,1 IHA,Interior,Castlegar and District Community Health Centre,"813 10th Street, Castlegar","Drive through testing available. Parking available in front of the building; please stay in your vehicle.",Castlegar,By appointment,By appointment,By appointment,By appointment,By appointment,,,"Hours and days of operation are subject to change, see online booking tool for current availability.","The public, health care workers and staff can book online at https://interiorhealthcovid.secureform.ca/index.php or call: 1-877-740-7747","1-877-740-7747, open 07:00 - 19:00, 7 days a week to help with booking an appointment",https://interiorhealthcovid.secureform.ca/index.php,{45A56F32-2886-42B4-8728-81F488EFE66E},Open,Yes,Yes,2021/09/13 18:35:53+00,1,Yes,Yes,Yes
-121.426637926,49.3765110080001,113,2 FHA,Fraser,Hope COVID-19 Testing and Immunization Centre,"1275 7th Avenue, Hope",,Hope,14:30 - 15:30,14:30 - 15:30,14:30 - 15:30,14:30 - 15:30,14:30 - 15:30,,,"Mon - Fri; closed statutory holidays",Appointment required. Book online at https://fraserhealth.secureform.ca/index.php,"Central Intake Line: 604-587-3936, open 8:30 - 16:30, 7 days a week to help with booking an appointment",https://fraserhealth.secureform.ca/index.php,{7869EA17-E073-47CE-8792-0FBF7573ABA5},Open,Yes,Yes,2022/01/04 15:59:22+00,1,Accepts children aged 3 months and over. ,Yes,No
-121.28021169,50.734833155,114,1 IHA,Interior,Ashcroft Health Centre,"700 Ash-Cache Creek Hwy, Ashcroft",,Ashcroft,By appointment,By appointment,By appointment,By appointment,By appointment,By appointment,By appointment,"Hours and days of operation are subject to change, see online booking tool for current availability.","The public, health care workers and staff can book online at https://interiorhealthcovid.secureform.ca/index.php or call: 1-877-740-7747","1-877-740-7747, open 07:00 - 19:00, 7 days a week to help with booking an appointment",https://interiorhealthcovid.secureform.ca/index.php,{A7252A0F-3BB6-4AAB-83C0-D27E601DE7F0},Open,Yes,Yes,2021/08/26 19:52:57+00,1,Yes,Yes,Yes
-120.019076499,51.6471469950001,115,1 IHA,Interior,Dr. Helmcken Memorial Hospital,"640 Park Drive, Clearwater",Drive through testing available,Clearwater,By appointment,By appointment,By appointment,By appointment,By appointment,By appointment,By appointment,"Hours and days of operation are subject to change, see online booking tool for current availability.","The public, health care workers and staff can book online at https://interiorhealthcovid.secureform.ca/index.php or call: 1-877-740-7747","1-877-740-7747, open 07:00 - 19:00, 7 days a week to help with booking an appointment",https://interiorhealthcovid.secureform.ca/index.php,{AE118F11-F699-469A-820C-A0F5F94CA05B},Open,Yes,Yes,2021/08/26 19:53:00+00,1,Yes,Yes,Yes
-122.803902146,49.2769747310001,116,2 FHA,Fraser,Tri-Cities COVID-19 Testing and Immunization Centre,"2796 Aberdeen Avenue, Coquitlam",Coquitlam Park and Ride Overflow lot. Entrance off Mariner Way.,Coquitlam,09:30 - 20:30,09:30 - 20:30,09:30 - 20:30,09:30 - 20:30,09:30 - 20:30,09:30 - 16:30,09:30 - 16:30,"7 days; open statutory holidays 09:30 - 16:30",Appointment required. Book online at https://fraserhealth.secureform.ca/index.php,"Central Intake Line: 604-587-3936, open 8:30 - 16:30, 7 days a week to help with booking an appointment",https://fraserhealth.secureform.ca/index.php,{7808FB23-3318-448F-8C44-904E3CF36EC7},Open,Yes,Yes,2022/01/04 15:55:10+00,1,Accepts children aged 3 months and over. ,Yes,Yes
-123.465483,48.4446500000001,117,4 VIHA,Vancouver Island,West Shore Collection and Assessment Centre,"1767 Island Highway, Victoria",Located at the Juan de Fuca Senior Citizen Centre – Building 3,Victoria,08:00 - 16:00,08:00 - 16:00,08:00 - 16:00,08:00 - 16:00,08:00 - 16:00,08:00 - 16:00,08:00 - 16:00,"Call centre hours below; open statutory holidays. See website for location hours.","By appointment only. Individuals with symptoms of COVID-19 may call the Island Health COVID-19 Call Centre 08:00 - 16:00, 7 days a week to book an appointment. See website below for more information.",1-844-901-8442,https://www.islandhealth.ca/covid19testing,{79DFFD5B-493E-4D6B-8595-638A65DDE9B2},Open,Yes,Yes,2021/08/30 17:03:56+00,1,Yes,Yes,Yes
-124.520209583,49.845485045,118,3 VCHA,Vancouver Coastal,Powell River Test Collection Centre,"4794 Joyce Avenue, Powell River",Drive-up location,Powell River,09:00 - 11:00,09:00 - 11:00,09:00 - 11:00,09:00 - 11:00,09:00 - 11:00,,,"Mon - Fri; closed statutory holidays. Weekends and after clinic hours, testing is available at Powell River Hospital – Emergency Department.","By appointment only. Book at https://prcomplexclinic.com/ or call 604-485-3572. Offers saline gargle test for adult & children. For saline test, don’t eat, drink, vape, smoke, brush teeth, chew gum at least 1 hour before test; see website instructions.",604-485-3572,http://prcomplexclinic.com/,{D6219B86-6E62-4BEB-84DA-F4F924E65B1C},Close,Yes,Yes,2021/11/01 17:12:06+00,1,"This location tests children aged 4+ only. Saline gargle test available for children aged 4+. Please watch the following video to see what is expected: http://www.bccdc.ca/health-info/diseases-conditions/covid-19/testing/children-youth. If the sample cannot be collected successfully, a nasal swab is available as a backup.",Yes,Yes
-119.620797951,49.83095609,119,1 IHA,Interior,West Kelowna Test Collection Centre,"110-2300 Carrington Road, West Kelowna",Located at the Acorn Plaza,West Kelowna,By appointment,By appointment,By appointment,By appointment,By appointment,By appointment,By appointment,"Hours and days of operation are subject to change, see online booking tool for current availability.","The public, health care workers and staff can book online at https://interiorhealthcovid.secureform.ca/index.php or call: 1-877-740-7747","1-877-740-7747, open 07:00 - 19:00, 7 days a week to help with booking an appointment",https://interiorhealthcovid.secureform.ca/index.php,{5C11FE41-C63F-4296-8635-6278CD2C9B5A},Open,Yes,Yes,2021/08/26 19:53:03+00,1,Yes,Yes,No
-120.52766,49.4535000000001,120,1 IHA,Interior,Princeton General Hospital,"98 Ridgewood Drive, Princeton",Clinic located behind Ridgewood Lodge Long-Term Care,Princeton,By appointment,By appointment,By appointment,By appointment,By appointment,By appointment,By appointment,"Hours and days of operation are subject to change, see online booking tool for current availability.","The public, health care workers and staff can book online at https://interiorhealthcovid.secureform.ca/index.php or call: 1-877-740-7747","1-877-740-7747, open 07:00 - 19:00, 7 days a week to help with booking an appointment",https://interiorhealthcovid.secureform.ca/index.php,{E43C4C66-9ACB-4DBE-824A-D1D2C8BB552B},Open,Yes,Yes,2021/11/22 16:00:27+00,1,Yes,Yes,Yes
-121.578889993,50.235010018,121,1 IHA,Interior,St. Bartholomew’s Hospital,"844 Main Street, Lytton",,Lytton,11:00 - 12:00,,11:00 - 12:00,,11:00 - 12:00,,,"Mon, Wed and Fri","By appointment only. The public, health care workers and staff can book online at https://interiorhealthcovid.secureform.ca/index.php or call: 1-877-740-7747","1-877-740-7747, open 07:00 - 19:00, 7 days a week to help with booking an appointment",https://interiorhealthcovid.secureform.ca/index.php,{EFA7D3A9-9CC7-4687-8D1B-4D3C01B0B6E0},Close,Yes,Yes,2021/07/02 15:41:04+00,1,Yes,Yes,No
-122.846346764,49.184754883,122,2 FHA,Fraser,Surrey-North COVID-19 Test Collection Centre,"10025 King George Blvd, Surrey",,Surrey,11:00 - 20:00,11:00 - 20:00,11:00 - 20:00,11:00 - 20:00,11:00 - 20:00,11:00 - 20:00,11:00 - 20:00,"7 days; open statutory holidays",Appointments are preferred and can be pre-booked online at https://fraserhealth.secureform.ca/index.php. Walk-ins are accepted but limited based on capacity.,"Central Intake Line: 604-587-3936, open 8:30 - 16:30, 7 days a week to help with booking an appointment",https://fraserhealth.secureform.ca/index.php,{6151C7C0-46B3-4425-8F8C-B9101B8389E5},Close,Yes,No,2021/02/18 21:09:04+00,1,Accepts children aged 3 months and over. ,,
-123.166372085,49.1940898810001,123,3 VCHA,Vancouver Coastal,Richmond Collection Centre - JetSet ,"5911 North Service Road, Richmond",In the JetSet parking lot at Aviation Avenue and North Service Road,Richmond,08:00 - 19:00,08:00 - 19:00,08:00 - 19:00,08:00 - 19:00,08:00 - 19:00,08:00 - 19:00,08:00 - 19:00,7 days a week,"Drive- up testing only; no walk-in. Open to public, health care workers and first responders. Saline gargle tests available for ages 4+ and nasal swab available as backup; see children notes. Testing for travel purposes not provided.",,http://www.edwaittimes.ca/covidtestingwaittime.aspx,{B8C8E82A-C273-4612-81D6-E876F00102E7},Open,Yes,No,2022/01/04 16:13:06+00,1,This location tests all ages. Nasal swab available as back up and for ages 4 and under. Please watch the following video to see what is expected: http://www.bccdc.ca/health-info/diseases-conditions/covid-19/testing/children-youth. ,Yes,Yes
-123.126849981,49.278929992,124,3 VCHA,Vancouver Coastal,Three Bridges Collection Centre,"1128 Hornby Street, Vancouver",,Vancouver,09:00 - 17:30,09:00 - 17:30,09:00 - 17:30,09:00 - 17:30,09:00 - 17:30,09:00 - 17:00,09:00 - 17:00,"7 days; closed statutory holidays","A walk-in location only. Open to public, healthcare workers and first responders. Saline gargle test available for adults & children (ages 4+). See children notes for how to prepare.",,http://www.bccdc.ca/health-info/diseases-conditions/covid-19/testing/children-youth,{192E0040-BA6F-41E7-87D5-5369A7BDFC14},Open,Yes,No,2022/01/04 16:10:45+00,1,"This location tests children aged 4+ only. Saline gargle test available for children aged 4+. See website noted below to watch a video to see what is expected; the test is more successful when children have seen the video beforehand. If the sample cannot be collected successfully, a nasal swab is available as a backup.",Yes,No
-123.320034908,48.4624671170001,125,4 VIHA,Vancouver Island,UVIC COVID-19 Test Collection Site,"3800 Finnerty Road, Victoria","Tent in Parking Lot 10, best accessed from West Campus Gate and Gordon Head Road",Victoria,08:30 – 20:00,08:30 – 20:00,08:30 – 20:00,08:30 – 20:00,08:30 – 20:00,08:30 – 20:00,08:30 – 20:00,"Call centre hours below; open statutory holidays. See website for location hours.","By appointment only. Individuals with symptoms of COVID-19 may call the Island Health COVID-19 Call Centre 08:30 – 20:00, 7 days a week to book an appointment. See website below for more information.",1-844-901-8442,https://www.islandhealth.ca/covid19testing,{A57E8EB3-5803-4CE9-8F0C-EE64CA68FA8F},Close,Yes,Yes,2021/07/29 00:17:15+00,1,Yes,Yes,Yes
-127.829194254,55.088038743,126,5 NHA,Northern,Gitsegukla Health Centre - CLOSED per reception not offering due to lack of nurses on site,"165 Howe Street, Gitsegukla",,Gitsegukla,09:00 - 14:00,09:00 - 16:00,09:00 - 16:00,09:00 - 16:00,09:00 - 16:00,,,"Mon - Fri; closed statutory holidays","Appointment required. Open to Gitsegukla community members only at this time; call to make an appointment.",250-849-5231,,{EE8D48BA-9DE7-4108-8210-2462D21AC61B},Close,Yes,Yes,2021/06/01 18:36:00+00,1,Yes,Yes,
-119.879749976,50.8849699890001,127,1 IHA,Interior,Sun Peaks Collection Centre,"3200 Village Way, Sun Peaks",Provided in Sun Peaks Centre,Sun Peaks,10:00 - 12:00,,10:00 - 12:00,,10:00 - 12:00,,,"Mon, Wed and Fri","By appointment only. The public, health care workers and staff can book online at https://interiorhealthcovid.secureform.ca/index.php or call: 1-877-740-7747","1-877-740-7747, open 08:00 - 19:00, 7 days a week to help with booking an appointment",https://interiorhealthcovid.secureform.ca/index.php,{342D4E62-0F68-4407-8282-D3B35353AB7D},Close,Yes,Yes,2021/04/22 15:21:20+00,1,Yes,,
-122.823629397,49.07361,128,2 FHA,Fraser,Surrey-South COVID-19 Testing and Immunization Centre,"South Surrey Park & Ride, Lot# 1761",Intersection of Highway 99 & King George Highway,Surrey,09:00 - 16:00,09:00 - 16:00,09:00 - 16:00,09:00 - 16:00,09:00 - 16:00,09:00 - 16:00,09:00 - 16:00,"7 days; open statutory holidays",Appointment required. Book online at https://fraserhealth.secureform.ca/index.php,"Central Intake Line: 604-587-3936, open 8:30 - 16:30, 7 days a week to help with booking an appointment",https://fraserhealth.secureform.ca/index.php,{0630E809-2567-4C3F-84AA-252F5A447797},Close,Yes,Yes,2021/12/29 21:52:11+00,1,Accepts children aged 3 months and over,Yes,Yes
-120.125014531,51.1805356790001,129,1 IHA,Interior,Barriere Health Centre,"4537 Barriere Town Road, Barriere",,Barriere,By appointment,By appointment,By appointment,By appointment,By appointment,By appointment,By appointment,"Hours and days of operation are subject to change, see online booking tool for current availability.","The public, health care workers and staff can book online at https://interiorhealthcovid.secureform.ca/index.php or call: 1-877-740-7747","1-877-740-7747, open 07:00 - 19:00, 7 days a week to help with booking an appointment",https://interiorhealthcovid.secureform.ca/index.php,{4FDADFFB-D5D3-4EA9-86C2-57D9593EE7F4},Open,Yes,Yes,2021/08/26 19:53:09+00,1,Yes,Yes,No
-117.795416535,50.2385559240001,130,1 IHA,Interior,Arrow Lakes Hospital,"97 1st Avenue NE, Nakusp","Drive through testing site located at the south side of the hospital, near the helicopter pad.",Nakusp,By appointment,By appointment,By appointment,By appointment,By appointment,By appointment,By appointment,"Hours and days of operation are subject to change, see online booking tool for current availability.","The public, health care workers and staff can book online at https://interiorhealthcovid.secureform.ca/index.php or call: 1-877-740-7747","1-877-740-7747, open 07:00 - 19:00, 7 days a week to help with booking an appointment",https://interiorhealthcovid.secureform.ca/index.php,{F7096829-77EB-4741-8BD2-A9567E0DDC44},Open,Yes,Yes,2021/08/26 19:53:13+00,1,Yes,Yes,Yes
-117.373980022,49.984109984,131,1 IHA,Interior,Slocan Community Health Centre,"401 Galena Avenue, New Denver",,New Denver,By appointment,By appointment,By appointment,By appointment,By appointment,By appointment,By appointment,"Hours and days of operation are subject to change, see online booking tool for current availability.","The public, health care workers and staff can book online at https://interiorhealthcovid.secureform.ca/index.php or call: 1-877-740-7747","1-877-740-7747, open 07:00 - 19:00, 7 days a week to help with booking an appointment",https://interiorhealthcovid.secureform.ca/index.php,{7DAA4CBB-D592-49E3-8048-6FB04E4CB9D7},Close,Yes,Yes,2021/11/01 20:55:58+00,1,Yes,Yes,Yes
-123.246177808,49.2623974190001,132,3 VCHA,Vancouver Coastal,UBC Collection Centre – Life Sciences Building,"2350 Health Sciences Mall, Vancouver",Located at the Life Sciences Centre at UBC campus. Free parking in the Thunderbird parkade for testing.,Vancouver,09:00 - 19:00,09:00 - 19:00,09:00 - 19:00,09:00 - 19:00,09:00 - 19:00,09:00 - 19:00,09:00 - 19:00,"7 days a week; closed statutory holidays","Rapid antigen testing available to children (age 4+) and adults with COVID-19 symptoms. Walk-in; no appointment required for testing services.",,http://www.bccdc.ca/health-info/diseases-conditions/covid-19/testing/rapid-antigen-testing,{E69DD619-D8A8-458E-8B71-1E4A0561BD8D},Open,Yes,No,2022/01/04 22:19:26+00,1,"Rapid antigen gargle test available for children aged 4+. See website noted below to watch a video to see what is expected; the test is more successful when children have seen the video beforehand. ",Yes,No
